house_uuid;type
b885de0f-09df-441f-85a6-bb28b468cea2;1
837ff3e3-6b90-459b-926d-230dcf8a7169;2
17068474-0f7d-4ec0-bff4-915b5f687b93;2
d909aba3-da68-4655-81d0-b0588723fc15;1
0cde811d-81a8-4b86-97fb-58d2ce66f7a5;2
984622dc-e888-4782-b110-50c6d1d7167d;2
add2bc58-8e12-4cb7-b029-af660d7a2303;2
2169aa71-739a-446f-84a9-499deda48388;1
d7dfa0fa-5263-4cb0-98e5-90617f4bdddf;1
a25d9bc3-b8e5-4218-af56-b84018609112;1
14878853-16a1-49fd-8f79-72c2720ed801;2
e160e0f2-b63b-4f26-b80a-0f46ba890fa8;1
e0a88315-8fcf-4688-9158-bd45b0887df8;1
852d93e8-f9f3-4b5c-be1d-e0380c54e78b;1
cfe64d3a-24b7-4cfe-8869-7e29497d11a1;2
b364cb79-d3a5-4339-92d4-e8201f7fd098;1
2b585d90-1e02-4ee5-8c33-1f9bc4d23546;1
bb2872c8-f976-4ca8-af9a-eb3d3b4c029e;1
6afc39f7-6397-40a0-8bb5-5053f2db2dfa;1
1eccf671-ac65-44d0-8c74-d3b0b18fb95e;1
943ec776-58c3-44b2-bbf5-4a412db4db18;2
1b07d610-49d8-45c6-8f18-fa77af974163;2
a35478d2-ecb7-4aa2-92d3-9d7eec25d5d5;1
987abf9f-416c-4c1d-b261-a2b5f2ad7ba3;2
774a2f7c-eb8f-4d6f-aff2-d412d16d6c51;1
cfbcc897-50c1-4b09-9c37-8ed293ac3426;2
695ef62d-adee-4051-855b-3087d39e7d31;1
dbdedf85-b2d3-467a-93bc-3db2e727b9f7;1
dc38c133-6560-46e6-8fe1-524e43a03e14;1
0dae9f67-e736-4a87-9f43-f87e0d55f2f9;1
e0e1d16c-05a5-44e0-a2de-bee453000622;1
257319a1-baad-4ffa-a2d2-e0ff1cfa5a6c;1
2bc4181b-5e16-4086-9552-72fb34c76168;1
827b94e9-9d31-4d9e-86ca-b196b0a89834;1
dba01996-31e5-4885-8331-bbc5196df737;1
e887ed9c-b0d9-4421-8216-a2ad1e38acdf;2
3f906dee-b57a-4bf7-93ac-eddcedf8bc50;2
4cbc8b75-f22a-4e4a-ad94-9705a58abaa9;2
8cccb39c-9e81-4dc7-a8b0-ab0b76002398;1
8b56ac0d-8bd4-4a4c-a5b7-40366e1547b9;1
3f3ca63e-cb29-46fd-96b9-b8d3bae1a151;1
72eb0ecd-8c02-498a-81cf-9e43c686beac;2
66b5877a-6cfe-4897-8971-9217002c3c9d;2
4ae77061-55be-4d17-8494-3c3abd61cb37;2
46062470-2e69-4068-ab8c-8ed265576a29;2
bb0ed3a4-2039-4923-934f-238720e58feb;2
b116b3a4-aca1-4f6c-8f18-bca69611cd2b;2
f7340303-8ca3-4135-a42d-0a200298f6a9;2
7e6d20e5-8037-4506-ac94-df788fbe736e;2
3db64e63-32ad-4b5c-8674-69f9fb9243b3;2
8557c128-1755-4e0e-b0d4-a85451dea5b1;2
b32c1f6f-f45c-4bd6-b6a0-c46a0580df7c;1
6eccaadb-90e9-41b7-abd4-cd8e4e2da9cd;1
d2763c23-2ad5-4229-8afe-99deba9798df;1
8e4243d5-ff49-4e32-b7c5-96a03b4eb0da;2
4ba7b04d-284d-4a55-882c-75664c469c8f;1
5f9acaa9-5c7c-4a48-ad15-b060b18f39e5;2
1c10a310-f978-4c20-9f96-69d8833a483f;1
2d87d049-c294-4b0f-a6eb-f126594678c9;2
d987dde4-0cdb-41d4-b079-a1b285ac3cd1;2
3a5b8e3b-a57a-4a49-9d57-a051f065d8b1;1
d83f76f3-8c18-426c-9212-c7c1ba515459;2
8501d77f-a735-4a40-8f19-f31a583e6693;1
6668e2e8-f269-4f65-ab40-e5072b7f1a54;1
191bedf6-3257-4b5d-aae5-39e9d2e7cdee;1
8db91616-768a-4f9d-9f6c-ad32087a0a14;1
11fa969e-e4f6-407d-bf8d-ad462f831cc7;1
0b474a99-3338-47f8-adcc-876d0f3e18cb;1
97fdef5a-80cc-417e-be12-ac75b4e7e187;2
cee2192a-a05a-45e0-bf3a-28e09818756b;1
5e968f48-42a5-46f8-94c5-870d32d308b8;1
e17db316-fb63-4a99-bd36-4ed383ec2ce4;1
f51c0353-0a24-4d61-9c4c-319e01b52bf7;2
dc35f793-a23c-41f8-bed3-2cbf2872b5f3;2
97168a7d-05a9-4368-b994-51406936390f;2
db1d329d-140b-4035-aff7-45b7d608a55d;2
a37104d5-0a7c-4207-a7a6-a0f97a2f0633;1
f818098e-32de-4ecd-b515-50f06e3ed885;1
1002ab95-df49-4dc2-92b9-26ed37a23302;1
1d45cb41-ab54-4b69-8bca-65542a0b1973;1
b1b1d585-17f2-476c-b740-1ecb227dbb11;1
54fa19d1-3f14-4144-a820-0ac9c04e2e82;2
f2e214c0-e6a0-4a2a-bef6-c4e1040633e3;1
0821a866-21cf-4170-9226-949e0f9754ab;2
bda4e1fd-9a51-45cf-970e-fcb8c2c5c24a;1
732d6ee4-3d10-4170-a8c5-49d0e9770bd1;1
db5c7503-8200-44fe-be80-663e2546a18b;1
2e16a5f9-15ff-4577-b42f-5069eedfd416;1
4d2557de-918d-4033-8589-0d918f710f4f;1
d362a15a-f2fb-486d-a838-dfd547e2f016;1
1e780e41-3d62-4f14-9a4f-a5a5b3d4eb40;2
c5802cb7-b014-47e4-91cd-516c442a0dca;2
61896bc7-5277-4af5-9f77-128124b9d339;1
a432dae9-3519-4d6a-ab75-984aeaca385e;2
e4435998-7d11-4874-902c-43e9476e0ae0;1
e75c67d7-5e23-4594-801e-c6d8b74c93a3;1
843444e2-6f8e-4387-8390-71928f1d963d;1
c337bb23-f060-453c-a420-dc500d34a2cf;2
9a12c7d6-9a76-4983-b090-bf132b1d6636;2
1c2a0eba-1929-4d16-94dd-697a7e428712;2
3ff751c4-ae71-4aa7-9f3e-dbb2b86057b0;1
ddc080c5-9c21-4e87-8a07-499397fba1d9;1
eb259e3a-0d4f-4a20-ab31-5f554b99ca4d;2
661bfb98-34fc-4ce0-9a7b-1afda7861ed8;2
5932e98e-cd75-43d2-9659-3936b5bf9ccb;2
9d1f3010-337a-43e6-868c-a010ac647157;1
3abfa0ac-bc7f-4aea-9bf4-ff90f95f2d16;2
e64f7eb1-b1fb-4a92-8854-933e3c984647;1
55a3dab4-9a58-4f8a-bb52-5be5a75e5265;2
6e53de6d-1b47-41da-a483-3660d8e5a576;1
f459edc3-0fd7-42d4-8cde-2731144d1325;1
59a31474-f8d8-4935-9743-7ad16560ad3f;2
02e93ac2-94a4-465d-9a80-37deb200dc97;1
f81d57ab-0a5b-4a69-877f-58bf357ca933;2
4f857e18-b6e0-44ad-b768-1dbcdc10d6d5;1
bb407e96-31e9-4537-aa28-602ff0141f5b;2
1e8ab6b5-9182-424b-adf0-f08e00835d20;1
7c657022-3fc4-46f8-b4cc-d6214bd3b300;1
adfa77bd-202c-4be0-96ef-3b3427ad3eb7;1
e52f1891-9c4b-49af-bd13-a67f6f663412;1
4a269e55-f1e8-4a7b-ac63-f62995610691;2
5ea665f1-c837-4411-b132-60389ed062b0;2
d2a9495b-a124-43c1-a9df-eb8cf7f016c0;1
34b4ae68-9b4d-49d3-b5cd-df747c1a201b;2
75eb7a2b-72ab-42ad-a5d2-eb521a4cddd4;1
f03f171d-3540-46aa-bcd7-f8d5d2754631;2
7829dd2f-3efa-4303-bf67-754499907ed8;1
3de6f3c2-2d71-474c-b706-a7a4117e4e40;2
e129486f-0dfc-4fdd-be13-2982a80f9023;1
886870ef-3334-41eb-bc17-b522774e60d6;2
9563024a-3a47-4f40-b5ec-169eb6d2f7c7;2
c8db6bcc-8ab6-4c25-8ab9-92f34e9c3af6;1
eeda1b65-0945-4520-83ae-00b66b440a7a;1
b6acbac8-fc0e-407a-8f98-6a9ce73d47fe;2
69b44cfd-69e0-49e5-8bb8-db06171a01ac;1
74c89b32-cbed-4ad8-8a4e-37a787597b19;1
ab7d78aa-32e8-4dd3-be8d-d19b4ed744db;2
ed3a720d-0ab3-4389-82bc-a8fe3a9c9dc5;1
f717910d-b3d1-4f92-bd4e-126473abc693;2
5df897f6-c45a-4ce1-bc39-206da039914e;2
efb74cd5-7bae-4e4b-941a-686a2ef6ca60;1
1e5926ec-cf67-417a-b1de-caa77846b493;2
637c93a3-84b9-489a-8e94-489c399f2c6d;1
0f954f16-fa76-4e89-a0e3-0aeb24521416;1
56a7c0b3-33b4-4332-922e-609ddae5c24c;2
c1ca8f53-f5ff-4cde-bbd0-38af6ac63ad3;1
c16a53f8-3ded-49c8-a5b4-09531a905c55;2
d0598513-3477-464f-a40f-d99d64f62d9f;1
7551db3f-1133-4242-8242-74fbbce9540a;1
944b4e6a-8515-4e06-b6ae-fe92a334847b;1
39ca3093-6120-4603-a20f-1ec63056d55b;2
27af4589-2795-40f0-a497-834f6ee88c60;1
febb2375-e79d-4dab-ae4e-880c6e049edd;2
5dcde5ca-216b-4914-9651-b6461b806f43;2
f496c961-68ca-4e96-ba62-cf5124baed1e;1
4358d076-dedb-4917-abeb-e86339bf42fa;1
763ea3e1-16d9-4e07-9a88-0cbc9e0be990;1
adee5acd-46c3-4f58-a4bf-38ebeac5e8e8;2
a09ef9fd-ff9f-4097-bbff-4d0645313128;2
1569c088-aa4a-4369-82c5-05632dae936e;2
5b4cc1dd-c0ac-44b4-89ec-653045723683;2
ad285b47-df0d-4be9-a01c-675f87da85fa;1
00c9580d-f39a-4826-9d0d-29ccf904197a;1
af1bcc41-2954-4159-821c-7b4fd109a5ab;1
03a50f74-1501-428b-9867-e7f549a0f9a0;2
c9ea5cb3-9e84-40ab-98b1-2bca26f18131;1
240f1299-a017-4093-a1d4-1b0075c26b85;1
441f210f-900a-461d-8f50-cc5489aec2bc;1
1a8b50e9-40f9-48db-9219-00d5e458419a;1
3352ec09-3cd3-4dba-b372-6e798f825038;2
56f9b301-fc5d-4aa7-af61-413fa822985a;2
d9b78b17-794a-4660-9b84-25935555e62d;2
18df63d1-0b1c-49f9-8334-4f7d57adafda;2
cad54556-69fa-4991-8321-02b5a00b642d;1
6773f07f-b26e-496b-bc62-33e5c3ba6b09;1
9bb1ab9d-8732-45af-97fc-db99fdee1dbb;1
1b895787-c93b-421d-893d-4457e8e91bb3;1
7b21fedf-70b0-494d-8329-53fdfadd6ab5;2
6dd11973-5ae5-4079-9c22-77c7f8dbd3b6;1
2f5c085a-1873-4c3b-9a36-f3b6083542d3;2
611e20f1-443b-4b78-ae75-f4847f3f30db;1
db11de77-8d17-40b4-b4f0-b6d688ee691f;1
a7aac669-c191-4561-a778-7725a0ed2aa0;1
24a0a38d-3dd9-4769-b151-8d5e3099cc1e;2
a7d0fb86-9b00-415c-bacf-f966a2cdead2;1
2cc89e34-5d13-46c4-a0d1-e588ad08ee2e;2
5cfe010b-7c9e-4476-845a-1fc77d326073;1
61653c3a-3cbf-4cfc-8662-9dadd7a1e7f2;1
365ec204-b73c-4a6e-ade2-ecce87aa7bba;1
875ce788-78e3-4724-b8d8-5a7e7d162076;2
650288b3-6829-45d9-abb5-0cd7216b21c9;2
f444e6cd-68a4-4644-bda5-5b334bab6cb8;1
d887e967-a196-4cf9-8b6f-0d8fab0a837a;2
9a1c702e-1f42-42eb-be49-59c0841e456d;2
82c8f31c-8df9-46b1-bde8-e01efb3680ac;1
25839c77-71d1-434a-ab7a-f2068309775e;2
00c22f73-5fd6-43bd-a49f-33ef5d100a6e;1
39b2dce5-4ded-498f-a3fb-77d4b2067b53;2
21915a22-169b-4541-ac9f-33c59be820a1;2
ac490a77-edcb-4cda-a0ef-536eb2a83088;1
62960c24-1bf0-4546-afee-bbef178ef69e;1
941ced6b-2c40-4a44-b762-e8d300e85db8;1
eb8c379e-bbfb-4ade-9649-4555c502367a;1
ee1cdcea-ff4c-422a-98cc-9c86cb8b1a92;1
22a3a5a7-ecc0-4060-8f30-47e952828463;2
4b32f74e-4ac6-4d22-b248-acf493fb55ca;2
36d71960-531a-4fa1-bf5d-5f7fd26d0c1d;2
9745c834-babc-4524-ae1e-cad22b49bde6;1
776cde9e-b6dc-455a-8c54-4e8b5755a46b;1
0ac1bc24-93d3-45d5-856f-0e3749c967c9;1
051417fc-ee6c-4207-a800-5f754fe7c120;1
cce3b02c-210f-463f-8d6c-26967b3d658d;1
299e5781-92ee-4939-a012-d0a3dca8e4be;1
01e549ca-037a-4151-8ad1-5050580a9f26;2
c4eaad1d-a7bf-4a27-b52d-f6ebc71de055;2
8bb5ef49-2aba-4fdb-9938-ec75bda2a484;2
5f78eaf5-d4f4-47fa-989a-8cd185584ab5;2
e0312080-09a5-433e-a016-165935aef808;2
dedf6ee0-d726-4566-9a97-dbd2b07e258b;1
b0cd80b1-20c4-4e33-ad36-bb8c38bf7d3e;2
d8769b36-49c0-48c7-97b7-2bad9448496b;1
14037662-d3ed-4605-9de3-171d0e8d2b39;1
e1486884-14f8-4c99-8f7c-21aecea12ad4;1
43115a82-9bbe-4bb6-b582-c60c91397a02;1
586a1798-db8b-4068-8820-7881d1d5535c;1
a2a43184-92d6-4b35-97dc-4320050eae4f;1
1678e2d1-c946-4bf2-8796-1f5d68f15017;1
7e2bb851-46b6-4a36-9068-8d7325cfb197;2
fcb5591d-182e-4fd3-a399-427eb2a0857e;2
a9dbd763-e693-45d1-b747-e9e3f3b4e03e;1
78e2b53f-68bf-4d63-9549-b324242b5bcf;2
76c8eb3b-4f2e-4b92-920d-dc4e5ffbf9ba;1
c3920cd1-58b6-4968-98d8-2fca69b154b3;1
e0535729-9c98-4684-8fc7-37265bb2e2b2;1
b42f1612-3a18-4501-9eeb-ecc07cba0228;1
ce7cfdce-0769-4bfa-be0c-959ac2efed22;2
e2341d84-3e39-4b11-9770-a89a8f92a1af;2
b811f35b-200e-43c6-84bb-03cd4acd8d5c;1
edf17fbc-783a-4115-8896-8180f2299277;1
a94715ca-eb53-464a-a54b-94b053a73517;1
e8da5617-f4bd-4788-977c-ad6a6aeee5f7;2
8ebbf935-fb0a-459e-9fcd-024adf2dc466;1
426a0845-a315-4421-9f07-d64d1492e54f;1
01dbb68b-0aa4-4a4f-9109-846b6f42ea1f;1
52218554-c32b-42b1-8230-5199f7410cef;2
9b365a6c-778b-4396-95ab-3611fb1ad110;1
99fac44d-478f-4d4e-937e-741f2306bbdf;1
fdcdda5a-3b30-4ac1-9670-4fa4adb8fd75;2
237d45af-ab00-47bd-bbd3-00dd3cf58f68;1
4705d5e2-96ff-4e2d-855d-d842371bcaaa;1
9a574690-daa5-4ff5-aa19-b2e4a7154e7d;1
9a5ed4aa-3d92-4434-88aa-766698a72641;1
1cfe059b-2b23-4cf5-9b39-37ef1ed384e3;2
dc5ae445-39b4-448f-b7e7-c25f3612f712;2
df9d22e0-c21c-4a6f-87e0-389427171e61;1
41cd0af9-92b2-4075-8069-a92c851c3a77;1
d2de4620-d0a8-4811-bf37-8e37dec84797;1
57101802-723d-4f5a-ad96-33a1fead9230;1
59fd27ff-64ae-496a-8270-512fcbbc9d0f;1
1ae8f150-bbd0-4c0a-8585-f4be6131e9e6;2
63d5ad26-dc65-42a0-b17e-ca761c36587c;2
7a355362-8e8a-4c5c-b80a-3ba043f6d6eb;1
7bf0fac4-a4ac-49a3-b10b-970e91e5b8e2;1
f9d14f49-d62f-49b6-90dd-014033bc6b7e;2
0f7a2a1d-1603-4ac9-987d-265ccaf558e5;1
cca54aec-2be4-4b56-9133-a7fcdbc9cf5b;2
e4e9e086-a995-49de-a2ce-dd96e857ab4c;2
7eb01afd-7328-4140-b75e-cfc7e23a0efc;2
267ddf34-66f6-40ba-bf99-2861eafee448;1
570b9c0a-c0d9-4faf-af30-7843bcd30a77;1
d00a9f3a-e35c-4790-abb5-2be6f5cb3584;2
74bdb275-0278-406c-b620-7985fe929555;1
83210306-2b8c-4905-b21e-83eef6ce1a97;1
334738ba-3949-41a9-b3cb-ec60ac632eac;2
fdb6030e-7243-4846-8e3a-b9ccce5957ff;1
b626e216-597e-45b5-9f69-063f3b570b30;1
d3e5666f-5cab-478c-82d0-52679af56665;2
d02f468e-2805-4005-b212-e95e958d9ce6;1
785616dd-1524-4bcf-b405-57d32b74ed43;2
14822306-a005-45e4-bce6-aab01bd607e7;1
06fcb185-49d7-4fec-b29d-1a735327900e;2
72c9700b-1e20-4faa-9e95-191ab4afba29;2
78f8cc04-743c-46aa-b273-eef28d5b3890;1
11ccd879-19f8-461a-beac-0ea715d4009f;1
aad74505-fe91-472f-92ac-8cc12706cb2c;2
5f7b7745-1e37-434a-9d87-fc091dd98648;1
33b9ce82-0358-40c7-bd57-cf3825487d6c;1
cbf7d291-2857-4272-9c87-6c5efedc8633;2
546e2eec-2db9-4963-b661-7c6bc388a7c2;2
4d1ae39a-baf8-4505-ab06-1ee017cf8e40;1
d931783e-5038-4612-b5e4-ea107c9b187d;2
5e71d853-675a-49ad-b237-7bb9708afecc;1
7ef53bdd-49eb-4c6b-aba9-a7dc83c8c05c;1
86bee937-f020-45e4-a210-7e0e5af0cba9;2
9d4b01d9-6b85-40cc-801a-268ce4ee9792;1
568dfb1b-1a8f-42e6-a21a-84c403040131;2
60647693-725a-43f1-b63c-bc5487012789;2
d15f48b4-0172-419c-84a3-a1177e3a98a2;1
ebeb1a45-386b-49d4-ba32-06e3d296c84a;1
e87b1bef-6bc5-4ac6-918b-bd67fa15f2cd;1
47d5fef1-458a-48e2-8d2a-2b6e9a903a54;1
092469c8-fb22-4ae3-a037-332cc1e211c7;2
4314a559-66df-47b2-b399-23a1a658076c;1
38e8023f-e221-4d99-b1d0-3624c02152ff;1
ac01e98b-9901-4c53-9f0f-0e65e1ee717b;2
71ff7cb3-6ad6-438b-9fba-487e82b2eb83;1
507792c4-4363-48af-9575-75b2a10f584d;2
498ba6d8-aeff-4705-841f-d6758cd15e12;2
36cd2e49-697f-42a8-b6e3-d1a05c1dc4a0;2
3d9936a2-b31c-4392-9fbd-656f45d5ec30;1
48d2fb49-4abf-4744-9c80-c6801c84e49a;2
0ad38fa9-afdd-4f5d-b6c8-0681ca7f6d1e;2
5bc826ae-0733-4a92-9af7-cf87ae964bef;1
c5b42c97-b653-4fe9-8462-02ebc93a90a4;1
3c938008-a0d1-41f0-a077-02d6ced449bd;1
9da632ed-8ff2-4762-9f72-fb57a0fa2f00;2
cd2071fc-910e-47a7-ab9c-bbf00e088da9;2
3b747e94-6a39-4e05-81ce-83d2e1c352b8;2
ffd3bc0b-f5ec-4795-a555-b66aa85d8a48;2
1fb20b80-2a6d-47b4-9942-496b61516881;1
102f1087-f341-43a1-b569-eb3d60b68147;1
e62365bd-9535-4ffa-b8f0-58648fcccd9c;2
8803fbff-c587-4713-afc3-e6e83a44e79c;2
059b48d2-28be-4193-b38f-5729218efe50;1
7c9353a5-85e3-4558-b7ad-4cabc1d600eb;2
121747fc-23a1-4d36-a7d3-51dda5511aef;1
b509c587-4523-4a63-ac54-c8ca5376cc59;1
d790d061-519c-411b-8fec-a00960e0a5c8;2
ef50df59-703f-4595-a3df-69e862fd795d;2
1d5fff23-ecfe-4f96-aea4-4ca97f7d2379;1
504876fc-2638-4d61-9613-5485ded95915;2
81d36cde-d76e-4e8d-aea0-2919c8823cbc;1
948053b7-1f2b-4aba-a597-ba45a36f1741;1
3bbf586e-c65a-4855-8064-f1a6f4be6fde;1
d3c4700d-ec9f-4037-aa83-ba318a8a71ec;1
c4e1eabe-36ed-424b-a754-e30ea6f3fd6a;2
b4c18927-5f43-40d1-970a-f18cf7c19468;1
20d2eac4-b332-48ca-bf0e-75081fb18e2e;1
0bb529d0-5240-424e-9be4-a40ee5bf4c9c;2
01abc8c7-758c-4f8f-960c-cd59fdd50b1f;1
652eafeb-734d-4bee-9bac-affdcd3cb754;2
b01868fe-e331-42e3-ab80-3246e3c8b7d5;2
bd954e59-7485-4f92-a963-11c3c16cc8a9;2
566919a9-0e5c-4012-9fe8-23059dfda358;1
3efe289b-2091-4ded-9775-3dd7b7c06d68;1
a6ff338e-a943-4772-9825-1afc26592742;2
b424c3ce-8893-4b4a-839b-a61d5f367403;2
e4ac5b34-1da9-4094-a33a-ed3b96eab35f;1
1d680c57-3cf6-4c62-b66a-f564c9c017fe;2
8cdf81be-4d52-40f5-ab5f-d560952c140c;1
17147dc5-be45-4f96-b590-eb76346b99c3;2
aecabbb8-80d3-4f2b-9f55-4f685ae3462e;1
9fd0eed4-af18-44e2-a690-803312450ff7;2
65a32999-c617-4678-8b6d-01b647c3ca6f;2
08c068d6-2c04-48ff-9e94-29a0b8f3c8a6;2
c58f2b7d-f284-4869-9332-6526ed33de17;1
813879e4-0bd5-499d-a1cc-44322b118f88;1
60f0a384-5915-4922-b9ed-baf3cd8316a9;2
86cff400-3f88-463a-b322-a0d1fabd971e;1
758b5b5b-2e76-46ce-a226-2c9cb407ab27;2
778b342d-5ddc-419c-a46a-8ea724181acf;1
285d870f-3992-403c-86c0-d2a3c5bfca01;2
b9a62d85-30e5-4b62-9791-c09aed473dd2;1
59b56110-ae16-4525-824a-6bce990f3fed;2
cac1e753-7d8a-47aa-bcaa-a9ead6584c7b;1
4c6a563c-82a9-4396-9310-1c9756bd5b06;1
a9110883-74bc-4489-87db-3bb46c851c2f;2
2dd82455-aedf-4d9d-b6ed-05164878bf64;2
673a64a1-813f-4c4b-a7f7-282933b97a43;2
500aa4ea-cb88-4974-9a8e-9453fe07d202;1
a691b421-bc88-45af-bfd8-063544fdb53a;2
ff4cc0d7-440c-4fee-a98f-6e30ceddd83d;1
1d1441aa-36e9-4d4e-a3bd-e369cfaff8ea;1
747f7622-d495-4b25-b4d3-0f18baf27996;2
8a0ccd99-65ef-4dc8-8947-d8fff1905322;1
f865b6bd-6e0c-4b8a-a072-795f18a6739e;1
62263d0a-beca-4927-b68d-acceeba913bf;1
777f0b7d-087d-49b2-975b-eec871dfc65e;2
5c40e7b0-6683-4025-925e-5f808ce5e29d;1
c081aacc-2f74-4697-a410-117428dc000c;1
2b0b4cbd-6777-4b60-af8a-8542447bfba8;1
361f20e2-03fe-4870-929d-d11f45777f1b;1
209ff8d2-f5d9-425a-a6c3-c6fa6ab15c10;1
be5e5772-9407-4079-9bf5-12f3767f5d9f;2
6ed2079b-b75c-4d7f-ae99-e5f9b967baad;2
1437a5b5-cd0f-4c07-8e6f-166de203e365;1
74d8296b-613d-438f-8bf1-96565d80bb93;2
463448a8-7f6d-4963-9438-36727bb3c0f1;2
49661af1-f8cf-43aa-8159-cba098de3ca3;2
05995a17-f68f-4f66-a2de-7b18289b0d31;2
71d38231-1eea-4706-bf2a-2f6a0a507c9c;1
7e35098f-9fb1-4d61-8329-11817a688fe5;1
38f5af36-cfae-4bf2-acd1-19d07fefabdd;2
eea7d070-8d69-439c-ae3c-1157b40b0d72;1
09011b53-fca3-47bc-ab64-5d1475b774e9;1
c465af83-6bf2-45f6-8242-b2f01b7026c8;2
3f4522f1-1222-4e43-b067-b2e67b0860c9;2
54597eac-cb8e-4cee-a10f-8dab824c5717;1
1e7f4bef-43d0-4555-8c36-8b4239a3493f;1
a76176e1-022a-4133-a003-be9e2ca56a8f;1
937f4481-0f0f-4dc5-aef9-9592b3175d01;2
ee9c4d2c-e830-4b42-a33b-10f0f98ce97a;2
1b4ae31b-af06-4905-a22c-439900304361;1
26399ce5-3d91-42db-b346-e495a1681804;2
6ceb79c2-47c9-4a20-956e-9a848b0af2f1;1
f256c328-bc84-4246-93b9-5d951e18e4d7;1
3f765e59-c520-4b0e-90ae-79a2e2ee2538;2
84190b67-214f-4968-be65-60c36faecf5c;1
d41fd73e-3445-453b-a60e-74e0d5eed6dd;2
7cd26352-45ef-4db6-a0f5-d2dde9f5026d;2
d50caff7-ca35-4363-b4af-5f1c8091b102;1
4947569e-152b-4360-a4d6-844602b00c41;1
bb38de01-a1dc-4b51-af76-4d5fdb65dd14;1
3c5e7ca5-f996-4005-958f-d3fa556b2b5a;2
3fd70dc4-92cd-46b8-8f6b-42b3cc6dad2e;2
5d92d494-8c5f-40dc-bdd1-5e619391776b;2
e12ddbd6-c194-4d78-8224-01953ad40b59;1
ecad30b3-2094-43e3-acd0-74859d6c70e7;1
82796c82-dd3a-4e59-a22f-7b0ff5bdeb24;1
2ae074db-ad1b-438b-9146-c5bce3ea4a9f;1
7b717804-4028-4a87-b1f3-b0979087b276;2
9b17298c-85e6-4f46-81b6-52d3c49a54f5;2
1afe02f0-314a-4de6-98cf-6e4060094bcd;2
a54fbb70-c040-4a7d-a1c5-5812f32dbb77;1
1f82f5c3-a535-4198-bdcc-559186f606e8;2
d50edd23-77ff-4e1c-9a1c-bd7c70d82ec4;1
da15b71d-b9fd-4496-aac5-e9429aadbbb2;2
4d939cc6-8fe3-4c9a-b573-8cd071a3a436;2
5f2593f8-c13a-49db-80ec-8e691d5a14b9;1
12c5d37d-2420-4e49-888e-6ecdd500cfb7;2
02658ffd-1609-4c5c-a87f-ed1241826c75;1
9dc81c5b-2bfc-43ad-abc0-7d18d9a9324d;2
778d39ab-f89d-40d9-89be-e08411c09bdc;2
3438da7f-dbf9-495b-9046-4c28af1bb484;2
8a5ffcf0-5345-4405-9071-46f753da5d36;2
04116b83-5ffd-4358-9c75-eedf3ce16c18;2
d0a92ca8-83cb-40d2-b333-37642e40eaed;2
56baf2ce-ff39-4299-ac46-040df7fad8ae;2
88808298-c6f6-4be8-bd54-13fee100402a;1
2550b9f1-8508-41a2-a675-0b266585cc48;2
a99f21ea-800b-4678-a186-f2d4adb8c4a6;2
494a2090-7238-49a7-a591-c7dc51fc42e1;2
0ce98bc7-cefd-41ee-9634-20e3cb1759d2;2
75eef97a-b791-408b-8ac9-8d860592c811;2
fb2d7fab-a0a4-4c71-b57e-3c6d1481275f;1
dffd95bd-79f2-409f-8623-574a7fa151b2;1
b5d57b5b-9b28-4102-b819-36c0dadda820;1
1b671e4d-56b7-4ba1-8f77-874fedaf0e18;2
d00431d2-141b-467c-951f-c0ab9e761d13;2
f4b4ad0c-e0cc-4858-b403-a2f904a16366;1
5a90a273-1bc3-44ff-a705-f791767b1af3;2
2a8006ab-8407-41fe-8324-0649466a8672;2
075263bc-4950-4f97-a36c-3ed512506f5f;1
4ee09039-dd68-46ab-ab69-331ca80148aa;2
834c70c3-9389-42a1-b75f-de1095209c2d;2
88706d69-621c-431b-9bc2-2bce39980abb;2
aa14454b-3725-4af6-ac5f-b7fef6f8007a;2
744f19ca-1607-4325-8d94-223051163e3d;2
453349f0-3a18-47d2-8648-9e8ca32ecbb3;1
52a80c6d-5896-4990-bed7-168954e529c3;2
3a0d44df-9b07-4af0-be11-b7b6876a3739;2
29471d22-6e65-4f1b-b125-dd72049ad2ec;1
854473c0-d6a7-4d3c-a01b-dab56778012a;2
ad6a9890-db42-4281-a001-365d97e5282f;2
a672777e-d1c2-4032-9920-bf7a35bc7b15;2
31fbe231-210d-4f94-a00e-656ea30712d3;1
497f9f3c-2e75-435f-8b71-145978942346;2
1873afaa-227e-48bf-94a2-68a16729f635;1
af980bda-7b80-46ba-b6e4-b9654169a032;1
1bc28736-90b0-4ff4-9988-73d185e16be8;2
dc14248f-5eb0-463a-a86a-572a7ca5fbd5;1
06e3ab9e-4a94-4056-8966-ddea14c484ac;2
40fa2049-a5d8-4170-80d5-5cc444587d26;1
36d7a386-cc6f-431d-a060-8527831824ad;2
704dbadd-a0d5-4dc5-80c7-b127f66b63f6;2
44169a9b-a8cf-44af-90ed-69acd6ef5984;1
4171b26c-f5a3-421b-b620-3220faecacd3;1
7869f7eb-bd58-4eee-9383-88d5be1becea;2
d0381efb-6729-45e0-9cee-b35e25673ad8;1
9975ea1d-910b-4df9-be29-2ab9c7794d0c;1
a1cce34f-0dea-4c09-a1f5-46382b8c60b1;1
926bf592-71df-43f4-a12b-75d31b5559dd;2
f1eacb23-13a6-42c6-b3ed-86458b0bfa60;2
185ffc5f-bc26-411e-b735-7a55b19b27fe;2
c77b40fb-bab1-4152-a0b9-66db5224b963;1
ef9e9817-c882-4336-9624-a8d3062867d8;2
0c67c612-7356-4bcd-b46f-4aedf386f626;2
a20f0a2b-6f5f-46af-9ead-7fa114d17571;2
a7d15f7d-c2eb-403f-bb1b-550eb9a868ed;1
d5a2816b-dbd9-4dad-b7ae-f1df1052aed5;2
dee8ef6c-9ac6-4995-b61b-3c5e9dd14c0c;1
f63c6084-64bf-4816-906c-0052f99c5459;2
c1ee6a5c-8f7f-43b6-acf4-2d0f4490644c;2
ed30c9ca-03da-45f7-8b7b-2f0a8e0a5238;2
d360818a-5aab-408d-9607-4950c27c3cad;1
7ec70741-4d44-44de-91eb-ed0cf7751068;1
0f74e1a8-fcee-4e67-98dc-bc9b5b8530f3;1
9b7c3133-e8df-46ba-b466-65d2b5c820a4;2
bd16c0da-101e-408c-bb39-c2e712a58bcb;2
18a1318a-e761-466f-8b2c-9f5d35965857;2
f195ee9b-f109-4f44-a588-65693b62de4c;1
a93d66d8-2168-4b7e-9ed1-f18986bab2c5;1
d68c5b59-f546-4980-963f-5ddfef0513e3;1
abb1971b-6805-44fc-9448-715c276fcc4c;2
5db57e40-c546-43ea-ad7f-ea9c5145f16d;2
efc8bac3-1751-4c4c-9310-e49ebf72efca;1
33863cdc-752d-4d2a-bf43-8dd43af21ce8;1
6bd857ec-deef-4a02-b7b8-9aa1565db963;1
382fbf30-b202-4fc9-8281-0e18fb76bf47;2
cffcebec-1cfe-432f-bedd-68531b4f2db5;1
3695f164-0250-434a-a74d-a568926ff814;1
26d001ce-651e-4165-a9d8-f7038d95a0e7;1
f7e0e1ec-a35a-47e2-895d-b12fe6008e21;1
70e6b445-cbdf-4e49-b62a-7b746b33184e;2
86416810-b33c-4f18-8f42-39f0f6dd4ff6;2
d5fa0fd2-1d06-4bfd-870e-b4d6e895920a;2
58042096-e4cf-4e06-abf1-279cc76fe46a;2
296b2934-0974-4478-b1df-c11b3bc824c6;1
39fe0d25-3abf-48a1-9576-a72e2bec4f03;2
4013d288-50a8-4b89-b34f-22b82f598ec3;2
8c3d170a-e781-49d1-87a1-513003d06dd0;1
ec5a0b8e-3595-45de-96cd-76aa763bf634;2
316106be-f7a7-41dc-bf7a-1620455503b1;2
b79c4373-8faa-4af8-b718-a8782d98dbc8;2
e126f4d4-e699-46f1-bce9-f3fbf9d0dc1d;2
45825374-36ba-46b7-b2fa-07b1dd398a76;2
d79c5cce-4ba9-4b5f-bb4e-b9c08492f674;1
0b5fc10b-ca08-4fd6-9b34-6f17e9b4d7f7;1
3ca94d3f-dd8e-4ce1-af0b-8d1dd9dc412b;1
49714230-9fb8-42ba-91ef-9d776ecbf68f;2
9178b186-2d70-421d-b5c8-7d991441a780;1
5e5598da-4f4d-47a0-90e7-76decf3303d9;1
6eac3f72-285f-4134-9b1b-849eface458d;2
065e654c-0ca3-45e1-87de-2a41714c8f73;1
9e5dd06b-445c-42fe-9495-fe44b3a9e80b;1
9dbf5b3c-42ce-4feb-a1e3-defc7d39c96a;2
65b5e6ef-4fd6-4890-b7c2-2aaeef1635cc;1
909728cd-8397-4135-9c65-fd3c70577d8b;2
d521d216-b473-4825-8085-3d5251d8f77a;1
3b3bd536-cba2-44c5-b286-d575d6ce0650;1
a6d102dc-3206-4b01-8be8-954923937cbf;2
444bbfb4-2ac2-4aed-9656-a76372436cbd;2
2332b512-0f6d-4d39-8b0d-873ac3caaef8;2
7d1e7a89-083d-4334-ae2c-7d15187c324b;1
465d8412-96bf-4139-bdc4-56a206b7bf9d;1
9f1e026a-7ecc-4062-ac3e-c46bd840d4a4;1
f735360b-f6db-4b33-8183-bb400f297a7f;1
620f0044-904e-41d1-b287-248367b1f53b;1
6b6ef9c5-f8d6-4501-a68e-fdded9b40ab2;1
1276c09b-7386-4969-962e-b05a8a38398a;2
14e0d153-25a3-4ee2-a599-114af3febb93;1
2dbc3e3a-9d5b-4149-89ff-c9b80fa24df7;1
1356d7e7-39ea-4b7f-ae3c-09a4c49b8d74;2
5a9f9c60-c724-4d42-8aad-74ddb23661ca;2
a5a54552-0a6a-4c8e-ad4e-e7b02ab9ff07;2
36f86f60-ad43-4720-a3af-799e0bf35ccc;1
574a3afa-3008-49b9-82a1-b1db6338a4fd;1
15a1e16e-d15f-48fa-a4e7-662f42bf6dca;2
f10ae48b-aa49-464f-9c72-2964adc5fd62;2
7167eb5d-38ae-4c52-8994-e93da46f77d9;1
90668bfe-ae5c-4271-9606-2861ce79db16;2
031b9a82-37ab-4106-9be6-ecd9c4cbaff4;2
40ad0ea5-6351-4d92-a74c-3872782d7001;2
a41c2423-814c-45dd-9e2a-84a783c3d287;1
54145fec-eb59-44a5-b719-27815c788438;1
d9fc8f98-9a0a-4a57-9c08-6e2b88f561e1;1
5751c362-666f-4698-ba05-e5f71421ed4e;2
a59aca73-efff-463c-8952-668644a99337;2
6165c17a-a453-4bb7-a2ca-7b89d88cbf58;1
dfc232cd-c6dd-4cb4-bdd9-650480491376;1
7d875373-4595-4035-a559-061afab5b05e;2
10ac239a-8fc0-4c1f-83f5-cfecb557e7fc;2
3b213812-b288-4957-a8bf-297c077c7aeb;2
989127ff-659a-41b8-b9fe-6db68128f239;2
e02e9105-ad60-4918-825c-bd107865baa5;2
d47ec2b2-8d81-4c9a-8afb-92321ea5adaf;1
585a9446-86a3-4ad8-b11e-546a91ea42a0;2
1e85c564-3edb-4ea0-a0ad-ebe46fae25f8;1
ca45dfa3-a868-4bdf-a41e-3c71ed9ecd20;1
46899355-4573-4303-b2c6-cdedcde9c097;1
d0ae24c6-6cc7-492c-8fb8-f72a98aa73fb;1
771db763-f2b4-4915-937d-7c84d1f14d15;1
ebdb20b2-9821-40d8-a0d5-cb2c1cc6e107;2
0d8f3a15-193c-4730-b8e4-4b59bfc80630;1
5ee41580-e2c8-453d-a59a-5b4551b9745f;1
ed93aed9-70e7-4d39-9b5a-23b40a9ca92c;2
e619955e-c6f0-4256-b70f-04ba56541a3b;1
5f963d12-47a8-4385-a8e1-48c6878236aa;2
fa7952d1-d07e-45a0-beb0-3548a74c8ff3;1
b61501ad-fbbb-4bf6-98d2-09630a2cd003;1
702ce5db-9a44-4545-9167-6b871b102c59;1
f5cb901c-1a34-4570-bf88-daff01a954e2;2
44cb865f-e38f-4e1c-91fe-3dc8c4a78f78;1
761bd728-3804-4abd-a4a6-470d5ad20d5d;1
b9e30456-78c4-40df-9dd8-9798a7b70d9e;1
ca6de026-135c-416b-a8ce-ca6c226ff6df;2
86b0b982-bd0b-48e7-a4ba-367183c5e2d2;1
b6533b13-6133-48b9-ac80-266fc93b7b71;1
045746b8-5fc9-4671-bfa4-5786e60d5c8f;1
1ec43a4d-abeb-48be-b1dc-22761d20ee3c;1
aab4deb9-9e97-45fb-af05-6b3ee8557ca4;2
e140988c-a0d3-414e-8359-971c7c3098af;1
f4a7b0c7-b165-48a3-a2bf-296799f53422;2
8d69892f-c49d-40bd-a7ef-95548ba78017;1
1cb9c355-a89e-422d-a18b-1e928b62b97d;1
38de12a7-9fd9-4a31-b08e-74e338c5ec1b;1
db752cf5-1e50-4156-afdd-9bdabb59d263;1
934e7e0d-8422-44a0-95fe-588ccd1c8a71;1
9a214ae2-9d1f-4d72-ba95-ba498a8be0ed;2
44bc5046-14ab-430b-b24e-795e760456dd;2
b71e268f-651a-41d4-8b67-b1458cd7327f;1
8ab15926-6a45-4195-9a82-af1d44dfdf32;1
fbe04ec2-f783-4161-aa88-1206513449d3;2
ee1a389c-c330-4874-b7ba-92cd68e42296;2
a2371aeb-80e8-4743-b569-a428a29e55f3;2
b0cf0de6-7567-4cc2-905b-ca6263e3c2d4;1
d6224c54-0615-44cf-a6c3-6fef7e3af110;1
8927cc13-41bd-41f4-a9eb-eda4a2d735d4;1
0bbac153-ef48-40d8-b437-da5b18517860;2
e1b21778-0536-437d-b6d1-75af563fc2cb;2
14762a26-f583-4499-b650-496db3def221;1
408721d2-f018-4ad0-b16f-1b0f27109464;2
54fce374-5346-4af7-a8f6-2f0934fff948;2
1bad1ccb-ca1b-43da-a35e-02a6fe1bf56d;2
c105a7c5-1b45-4374-b68f-9021e3f9d8e4;2
d193b080-fc7d-4746-ab2a-62a94beb16ca;2
d2edc4d7-dbec-4478-8a42-613cf52c4368;2
e7afef97-24ac-47b8-ae0f-88fdd9c21d9a;1
5509faca-a87a-4d00-a9bc-49be81b0897f;1
0e3c33e5-ae6d-4115-ad19-d07c2eaab3c2;1
82ccd0b3-4661-4b92-bfcd-01cfa11feb1f;1
cadd20f3-cb14-45f1-9a1d-82022a6f1f1a;1
cf5b8409-b0cd-4e4b-89d8-0757388ee4aa;1
5acd261b-6938-4793-9add-ee52ccf2b316;2
c86c3cd6-bce0-418a-a7be-a904d1fcd421;1
b652ba57-1380-48f8-b673-9b98a3a147a1;2
b7764943-3933-4094-9e23-641b8ad06542;1
0903f73d-b834-42b8-9db5-c5b3a85f63b2;1
4a0c6545-8609-4ad2-8ce1-48c92839645d;1
886e66c2-adb4-4e47-8567-c1d5a939a310;2
664764c6-1744-41b7-a8eb-042edc6a1587;1
441ad96e-1029-4312-9567-24851fe986c7;1
a80e4476-5dbf-4b49-9f56-e3ebbbc0a5cb;1
648815f6-0ebd-4984-bee7-ce301296f9f6;2
9ca6304c-409c-4984-bc6f-3828cc232ebe;2
c284ffda-49d4-4acb-a6c7-d5ece375ccd3;1
4d64a7b4-e9bd-4d86-9ac2-bbc4e7725c9f;1
67277a3a-6c85-4561-90c2-ee818457c965;1
7888110c-87bd-435d-a90f-ab8e8794e3ee;1
65a5f0a3-dfe6-429d-8379-be7999d217ca;2
3b2537a1-007d-4537-83f8-b10972c43a00;2
a55ee0b1-4f85-4b16-ab4f-7595e6d3e16b;2
5b3a7c29-72ee-427e-a7d5-ebe0fe3ba89c;2
9618b7c9-380c-4936-91af-c3fedb3e7e7b;2
ed0ce1a8-8880-4cd9-83d3-94d7a96fe7ff;1
8056f4ad-517e-4175-8bb3-e0a353daef34;1
f8bcb008-56dd-412f-a152-56d80b20a807;1
6e30236d-5a25-4248-aa36-d12d93baf6ee;2
c7ead093-b72c-4c64-92af-c512b7769ead;2
cb38a364-e16f-477c-b1d6-179b6f78a0e3;1
a5e8436d-1ebb-4560-8b87-bd978c8f5e30;1
f641b470-1865-42f7-8a4d-350603f0de21;1
4989b375-0d73-484a-9301-678414622208;2
b01a9a30-2725-4c50-b16d-3ae7677d870e;2
7059b4ff-57b2-4f2f-b1d1-fa5fb026d2ce;1
0294f87d-b8ec-47b9-854e-74ce3e5a10fc;1
40c54ef6-a6d6-41b7-ae05-bd67049c1668;2
bc373dcf-8597-47b6-9eb6-5f77faa13bc8;1
335d7f25-9431-4ca0-9bdd-c67d7e3b9de5;2
7b91474a-83d8-40a0-be5a-47078b7e59f0;2
fba8f036-3ca1-4c35-ae60-e88f8d1c785d;1
798b4006-a284-4277-89f1-213c4b8dfcdc;2
7adfb0f9-d240-44e8-8d52-7c2b7702b86c;1
867ea854-4028-4a70-b6cb-c64ba276bb38;2
ad527df3-fc2b-424b-a069-824354008f08;1
afd79857-76de-459c-9b4d-ac3cae87a7f7;1
635d8d57-aa45-4119-ad17-54dae213b975;1
0cb2c91f-ae1c-408d-81ff-c238634beb81;1
41b846a7-86da-43e8-8157-1ea01d252b9f;2
bf14fc77-1f98-4f39-873d-55cdef9e6bbc;1
1334186e-1ac4-46dd-92e2-d7bbb199cb9f;1
20b00957-618d-4afc-aaf6-6fa91bf4e334;1
e537ec53-e5a5-4e36-8ec7-a36e92eb3a08;2
314d5886-44c2-4be2-8da6-8afd7114b4f9;1
d06279b9-fae8-43c5-954e-86f7c5a9fc5d;1
23482853-cb55-4da5-9866-54bb7bf3fe3f;2
c20a3112-603b-4e67-8185-4898ecbd4cfc;2
fc5466c3-ac25-4c57-bcaf-12a1f32c34ac;1
a70f2c91-ad48-4f5c-ad13-57ad519a5d88;2
5b106b1b-ef18-4769-8e38-f32e2ecf2d5e;1
024e2eeb-0b67-4214-8416-0bc1d6c9b33d;2
4985724b-4ca7-4a3a-95b2-17219c55427c;2
f46edde7-fa2a-4e10-aa5d-bde79c506a2d;2
ec04c6e3-ad1c-456c-90c0-369d22912fff;1
d5e679b9-a84a-4b02-813c-3a6ac6255bc9;2
2e9b11a1-6012-4aca-8ec8-b08e259ad790;1
3a612455-00de-48f1-a5ab-537e0aa70c93;2
ffb11c99-70ad-4779-89b3-4390a0bbca89;2
b8c71903-ee90-4898-be46-1e0f898f5ba3;2
503d1d60-b8b4-4680-bd82-dd3d06cfd370;1
ed40108a-fe7a-44c8-8ce8-cd4e461ed45b;1
ce8273a8-bcfb-4e54-86be-a6836c9cf104;1
2a3ab772-84fb-469b-b157-3fb39d1e0503;1
d536815e-e07b-4238-92f4-27d726baebd1;1
aa4eefbf-7d0c-48a0-a980-4e066dd5123b;2
a922b39c-2a28-4d5a-b2fc-3f84913507fe;2
5ef9ce4e-29f9-4376-8e4e-f3dc884b5240;2
bca630fc-e168-4a73-b216-3e70643face7;1
2838d26d-533d-4dca-9f42-e94024c20e8d;2
2afba452-0244-487f-9836-09ff084a5703;2
97604a81-36f6-47ae-9213-1e238f467468;1
5a990964-9779-4c74-b705-9fa023f8aa3d;2
78584901-fc7d-405c-b9e0-33035aaf22c6;1
9a834b56-8986-4038-9d5a-623f45d8f780;1
61838fd5-b56e-40a0-acaa-c47d961a53fd;1
35de55f3-0899-4e45-983e-8fc14f64d1aa;2
9ca70036-a72d-4047-9ff0-3024fff89603;1
a29d1a98-9a90-4c4c-9af2-df468e3db55b;2
59462c05-cb73-48a7-875d-726ecd4de93d;1
6d06df59-2ec0-4f95-9c4b-39d473921926;2
8b4fd211-ee46-44d4-93ac-56887ff2714c;1
1ef78457-63e1-48a8-8807-6e92ac298a2e;1
eecfb7cd-19f5-4c9c-a650-d554ac059484;2
adc53bb4-8957-4b33-af30-65f0957a2001;1
86909c38-5ae5-42f6-ac0c-fc0bcfc088e4;1
3b6fb8df-2a10-4252-b8f2-dc9d0ffa7217;1
2e87ed2e-b094-46ff-9a75-52ad44115b5b;1
9937fed2-bcb6-4b7d-9c89-58c82352043a;1
7ab56724-c454-4caa-b59e-68b7a0e19590;1
fbcf11ec-6d45-4f66-863f-5ca0c849d16f;1
84ddabae-78b9-4395-a3b1-cd5819901071;2
6ea5b158-daa6-4fa2-ac09-4f9f131648b1;2
77431b3d-0e31-4aca-9215-0ec5c8f829ff;1
f72d4ba0-9094-4dd7-b45f-98d6a5db9889;2
0f97c5f1-d183-455c-9128-c43ffb09b841;1
c1fe543a-2009-4167-ac08-b15bcc3e697d;2
5ffeecd5-974f-4c0b-9425-863eef4826a8;2
d3f2afb4-be7d-4ba1-9882-7acbbd6acc14;2
072120dd-ba66-4ffd-adda-f2610aa82e37;1
c68941c8-c1b4-4ae2-a7f6-8541f688fe42;1
27b5529b-297c-428a-81a7-10e07ae108db;2
7d05ba87-f178-4916-b28e-c2505fd69c6a;1
806d5d40-26c9-4b18-bc9f-0f67fa342f3d;1
c4c84953-7143-4ba4-821d-1e42349e103e;1
e2cad96b-2de1-4ce0-9eb3-f012968ec807;1
0cd1d794-268b-48fd-99f7-57927390b91f;1
61d47ccc-5966-4e00-ba3a-8aa8fea055af;1
913f9342-68df-4694-a673-73d29e5fdf02;1
f379111b-3f9c-4aee-9299-909c2e6b6387;2
0d3b5505-9558-4c62-b6b2-4de8ad40e990;2
ad319693-d37d-4b43-bc14-482db4ebd31e;1
054f52b2-eb28-481b-8a36-f7e5b450ee08;2
ee79f577-f8da-42bd-9dda-695f80f5ff55;2
33fc7401-542a-4fe6-8eb1-583c667497aa;2
08eae943-1c16-41ac-94c4-4a17b8740265;2
b8e7f897-12be-4a5c-91bd-aea1fb659438;1
ff5aaf1d-db92-4890-a6d8-e5871807e68d;1
1dacc50d-0809-49bd-836e-5ae3d1bc87bb;2
ed03c67b-a809-4237-aedc-91e7554e4f5c;2
058ce325-aa28-4e91-892a-712889d977f7;1
63f65c84-f437-4e02-b65f-21c0ce77f706;1
c52dd279-03e3-43ad-bc85-116b722669cd;2
b1caf5aa-ff93-4fa5-975c-8903505c2452;1
f3c2868f-f81f-4cc9-a0b7-d657b2c187a5;1
3f71ae65-cfb0-42e9-8e8a-6a15ac3173fc;1
1bae97f8-7ae3-4f0b-b9ce-54131e202edc;2
7946f60a-fc3b-4718-8592-17fbad23fc91;2
926d8686-e474-4272-9a36-bfb99a3d4f39;2
ead989bf-3161-493a-98bd-963baf4a9c04;2
fb1cfeec-6d62-4a6b-8aa3-47939e9fc6d1;2
c0065160-c06e-445f-8913-686106d94816;1
ccf12af0-88cb-4eca-ac20-b23c5606829c;1
057834eb-d4c3-4f13-9b8f-99b66acee254;1
878e3653-fab2-4595-979f-29633d787fcb;2
ab47f407-fee4-41c8-a199-89f5a00e1f11;1
f6fa1226-d9b9-4e98-b190-d2ae9e0de027;2
c85d2053-9844-4762-97cc-fbfce70624e7;2
afc78223-9bb8-4d95-a021-763668ea56fc;2
c313bb63-e122-4ccb-9adb-609cbbc51f62;1
ce848523-cec9-4d4a-bdce-54429771705b;1
c512c819-3d50-4c65-a4b5-f278a51439a1;2
6655a184-a061-4e48-b9e8-684a9f7384f3;2
00c0fedc-8e57-4428-9fbe-fe68a010be89;2
63286e78-299c-4783-8edb-3dec4aa4155d;2
343b3059-cedd-4d4a-adb9-7c0d5a87b3c7;1
78cee6c2-afd9-4c59-b98c-f686fbae3c06;2
883af2bc-850b-4e0e-a1e5-2995d1beaa4b;2
5fd8fa48-5828-4c9d-9a70-f33d234ebdc7;1
87f76b93-9626-44fa-8461-feab2036f3c4;1
155ee727-3daf-4bbd-9f17-0428f18fcda1;1
62eb2988-8ede-44e6-9e2d-e5da9c582ff5;2
86594668-4869-411e-bd93-7f635befa6c5;1
012ea833-d2a0-46a3-a162-dab589528c35;2
fe94a561-a504-4323-a6e2-ae5e0cf8cd07;1
54c55e60-0a38-4ff1-ac76-a8d55e1d0d95;1
3e69f19a-b612-437a-8811-bd3ffd86da6e;1
650a163d-f83f-4f45-b122-0553fdae9433;1
3e8c08ed-aa8c-4ca9-b3f1-9ef682e53008;1
84952333-497f-4e97-8098-7259881bca11;2
98885717-3a45-4f88-b85f-967cc67eac5c;2
160de94a-0a17-4971-be84-f293504b5e1d;1
c2b5eb9a-0204-4baf-b2f5-7aa57b9c9cbd;1
f0297803-d9ae-41f9-9dd0-29d4678b6f10;2
a59e4453-87a4-4027-a632-71fa0596ea6e;2
5f0db4fc-7339-4607-bb51-7bee82700ec6;1
13f20bb3-b0e8-4322-a51a-211fb6792959;2
e7c15d71-f41a-424f-b235-5941f0908393;2
639b1a22-afdc-4d36-9015-21810e3c8327;2
75a4d237-5385-4adf-8f56-bbc5f4f918dd;2
9b7ae845-5d50-4723-9790-edd593d9fb2f;2
2920327c-9c8f-4989-b41d-2341d31c90ae;1
70d1805e-173a-41ec-8e9f-0f2af211c4a0;1
1631e717-f34a-48b9-b2e0-8bbaae25f2ba;1
bd887b8d-c1b5-4680-9c11-57329a921cbf;2
94c28cb1-93cd-49eb-a75e-341f297161bb;1
17069605-ce15-4b01-9f7f-e608710043ba;2
99e2b143-240e-4a05-8b32-5f2174c3e09a;1
615463e0-5d94-4833-a55c-86219637370c;2
2f905289-f11f-43df-9ef9-a06da0f77798;2
31b1c683-4f9d-4b83-9859-317d128172af;1
a31667e1-0adf-48a3-882b-4caa0911c3f1;2
4ca4f29c-f3c7-4a29-b841-d8e56965db2e;2
0fc35a34-50b6-4bf2-98f5-e05db408dc7a;2
d5955d46-0aa5-4878-b4d3-1fca21850131;1
48c4fb54-4fcd-419a-9d93-1d255e332fb7;2
86fae001-a0a8-4d38-8f2b-dbfb32fea497;2
a20bfd30-a0d6-4f55-acad-5d3098fd1a0d;2
6790c481-e194-4525-8cfa-b41a0c8e63f0;1
d7570fdf-d5f9-4e37-ad97-50134305e2b9;1
473350dd-2b7e-4d83-b5b8-2cf0e4ba0b41;1
9ca6bb33-8037-4c15-b81e-f0918eca0f0c;2
6e4bf62d-a922-4257-8a67-385d6d575373;1
340ddab3-f335-47ad-93c7-4561718ea843;1
ec18c6b5-83dd-4608-b752-a863df4d6634;2
a1c28b39-107d-45a1-b21b-2f8ef926b1c8;2
477f1208-5ad1-4edf-b906-9c7415a6c8e1;2
eb7b2563-3a31-4b33-b94d-5cd9329c89e5;1
72a5622e-1e4c-4cee-91f9-8356adbb38e0;1
60436eb0-1829-43f8-896b-966892c797cc;2
f5c6d09c-0384-49ea-9477-112cd7ea08d6;1
7806ae5b-8966-4036-9b74-a6029130ed3f;1
5529d33c-70b4-4fe1-aeba-5569eb60fcaf;2
1ddaa544-f537-406c-bf49-e0325c046d58;2
6879b793-5192-4980-aa94-ac2642f20171;1
8652f30e-4d86-4115-bbec-b8a08f06fef8;2
88643eda-1a0b-4b47-a878-5be4e72150e4;2
50360948-84f7-43f4-86cd-a269582cad70;2
6358605d-be54-4ad4-8efb-e0596707bf50;2
4a67aa05-388e-46e8-81c0-c1f5546083b7;1
fb764a3a-bf87-4d3a-b294-6297a7f000dd;2
de58eef0-2033-4e21-a7c0-811996e1d796;1
03427e78-e6de-4192-9cc7-4d60b3b83b75;2
f4ca71a0-4720-4f42-8208-91eadbeab73d;2
ba636b69-c2d3-4a4c-b4e1-3626e53422e7;1
79da28b7-1c6d-496e-b8ff-4a6f611f76be;1
95a3d891-b811-4db0-8ea4-b4e083e618ab;2
f3a39631-7d5f-42a6-bf14-1c2f493dc302;2
e8940b67-513b-42e1-86bb-2ec38e554ae1;2
f43c3657-f1b6-42c1-8e58-84158e7cf66f;2
66704a40-0302-4dd9-89b9-8a1bc6baf532;2
2a829390-519e-4618-b6f1-6568c88b2382;2
0ba264aa-9f09-4a87-ac15-2333b0b62f1a;1
eb6cd52e-f51c-44b0-99b0-e8f95c54dee3;1
b18cd2c2-2b3d-4ed2-9e5e-9750ada4e0d0;1
4e1cafee-2f84-4834-8e0f-adba2ed66637;1
79112924-2f59-4697-b64e-d11410dbc9c0;2
38789c38-ed03-4eb4-b6ba-88fed246c1ab;2
7fa5a5cc-cfba-433f-8b40-be7fda466364;1
75e00603-1c98-4ff0-8236-5d06bb14ef0d;1
5e5d032d-4900-4798-b7bb-614c212224f4;1
08edf8a7-a501-4c8f-9be7-6dbde005f420;2
9e4560ee-9a87-4c9e-94b3-b342b0e032c8;2
e8fadee3-d073-4c50-845a-480ecefaae44;2
b560f027-d643-41c9-bd8c-f1391fad2ca0;1
ca723820-5ee0-4f8e-9d0a-45388a113565;2
ca487e6d-bf05-43a6-9573-b09f0cfa8b71;1
a0874733-e67a-4c90-90f2-af06fde831c0;1
60408a29-6293-4978-908d-801d351b3249;1
0f11eb3d-3bcb-4d30-ad51-8efce10f1138;2
94103118-eecf-4705-8b8a-0fd006ef3e04;2
d2732929-3f51-40df-ac9e-602949476bb5;1
710b6f18-9ff3-4294-95e6-78e36655b013;2
db0e18cf-b3c1-4c28-9330-5c201b37c10b;2
0d68eafb-de9b-4af3-a7cd-4b51e210d66b;2
bf880d2a-2b6e-4798-b23b-3fd6accc7639;2
781671c0-daae-40ef-b7cd-220cddcfd63c;2
4e1715e8-6d03-4655-9aeb-f37187abd170;1
630dc63e-6c20-457c-ad03-45fa1c45d969;2
cc38848d-5810-4190-b19e-9e05f8cf83fd;2
16bf18c7-71be-474e-b913-dd987d31583e;1
bcf4894a-0baa-4a76-891a-6ed5a0d67359;2
b236e803-9e13-46d5-b13c-0611b6a26281;2
a1b69e08-343d-4e13-a0c9-f65aad329b55;1
654fedca-7f1a-46e5-8241-92fb002477ed;1
3b24eaa5-dd2b-455b-9d95-420005ecaba1;2
b475106c-dbe7-4c02-ac9c-97db9fc9842b;1
2c6afca1-c608-43ed-98f8-0f4c82e5eab0;1
ecc0aff3-1b12-43a5-a0da-acaeca4029d7;2
13875546-7060-487e-8c66-39c6784d486c;1
441cb9b3-364b-47da-8f0f-73baade4f014;1
e97a610a-0b03-40da-b806-3e343bb523e8;1
db1da58b-c484-4d9a-99ca-318d510f6575;1
2a6ccc1f-31bd-4ffd-b66a-246e13a096cb;2
d508847b-2240-4efe-882e-f48de6447615;2
99f2177c-c999-4c53-a320-85dc738bde88;1
9361212f-d67e-4054-907f-e151bc1586b2;2
8e52307c-ac49-4546-bcb1-a091cd7aa706;2
e24ca027-3d40-43ba-bd9e-7ff40433fee2;1
c2eb403e-7b90-4d59-abc9-7df4e73ab977;2
9ac0c8a7-2527-4e77-968b-7baec91ab557;1
bb05d727-beea-4131-9232-901affb47bdb;2
79eefee8-be08-440c-b1f6-768d94b04912;1
6ed22a6e-a88d-450e-af04-46670a23e7aa;1
659a888c-4223-47b1-afce-1939e0a63a08;2
b9a568e7-ae8b-4ca9-9ab9-193a0d0074a3;2
9a135852-db81-43fc-8dd0-1fdcb588d80c;1
07d20118-be6e-4188-a366-3f97dc7ed828;1
34334a69-9e2b-4529-8015-2380abefde7d;2
b912bff8-a3f2-4550-a5a9-677798bb604c;2
ed0966c9-9d26-4556-86da-0f9e4b598089;1
0886501f-9666-42c5-85f8-716015af5cab;2
b40b1cb7-aa16-44d1-a586-a8e9fbf5376d;2
af32eaa2-4ad0-43bf-9d3f-d6ad84bef945;1
b545e34b-3079-4582-b1e8-2af807dd4aee;2
19169710-c9f0-4ad8-adb2-500ef2e5c16e;2
d0b7e52f-d8a4-45ef-b970-8493c33378ea;2
4e54cb45-f26d-4cba-a851-737b00d23e3e;2
dad79ffd-300c-4255-a619-16d0b140e790;2
f8a3fca5-e11d-48ff-b594-17c89b306319;2
3062babf-4623-4dbc-b889-ea0258c272dc;2
ced51d53-270c-4ff0-96f9-947ab431694b;2
f4cdf4e6-c651-45c8-9bd5-46f714b1e227;2
48b32017-8c9f-4f4e-8eef-a57191e45fe9;2
9ec63db8-f926-4232-915d-86fc6a4d6d15;2
16a8f688-6e86-4d96-a0f9-5f5333aeda18;2
0c5fd7e5-c936-49bf-99c8-2db4e4ec9794;2
d7eff990-b18c-40f4-9a7f-9a9b451e1c41;1
4c87f9f4-2d86-49da-b955-70a9183e20db;2
52921a0f-43cb-42c1-af5d-00db50b45218;2
3beb496b-ebee-48ea-8eeb-eaa492909265;2
5b3b6fb6-4f91-425d-bb88-c3c6ad561d91;1
f3bdef33-9e81-4ab8-b002-ffea3d335577;2
ffc6996f-25b5-4ebd-a0d9-e1bfe6e01935;1
c1d26f90-3afb-4e12-bb42-4985df6bcc01;2
6c64dbe6-41e6-4f23-9dd3-b89af7863f22;1
66ebc5d4-955b-411b-9a4b-e0700d9cb144;1
b1c299c3-816c-4324-9cfb-aa907ed752bd;2
d265ba56-7d7a-4abe-8646-f742992079aa;2
4d73590d-d131-44f6-a96b-0c36ac89c545;2
79b2f721-9940-49a9-b69b-280df8aca20c;1
6759c8c7-59a6-45aa-a5b3-c1e578313cce;1
b27c81d0-3dd7-4774-ac7e-71b2e4db779d;1
fb60b249-ebb2-43b0-9d33-537d137d6b9c;2
9c2be9ae-0390-4a0c-9e9c-7d8b7f4072e5;1
cdfe0425-1b33-4810-9916-b6bf16c6f341;2
68198f4c-c6c3-43f3-a16c-23f9f34bf047;2
db37cabd-0d12-4328-9db0-3dbdb03bb478;1
b1154093-ab2b-4b50-92e8-5e7d47abfb03;2
70a42485-fcd6-4555-a975-248411d191a4;1
30880511-078c-4dc2-a853-0cd8bbdb9d65;1
b1b72820-8404-426c-9803-8693a14ce68e;2
a9892be1-ac50-4dbf-a8e9-85e750808d02;1
1e101d6f-3d8d-483b-ba3b-fbfb39dd6990;2
967e02e2-10e2-473b-a246-786de8d0c319;1
86d2693c-979d-4b04-95c7-4f091b76bda0;1
39149e12-2f34-4f84-925f-866c6c2e96e1;1
bf712e4c-c3af-4baf-b1c0-c5f5f7f4a261;2
29b4d9a5-a2cb-4c04-a76d-54b4b7c5fb7d;2
6dc2854b-20dc-4683-9a6e-233ce8fa7dfd;1
cc10a294-89b5-4e2a-a160-31789490ef7f;1
ce1677ac-4719-4175-8c79-4f7e22cae41e;2
1b13c13a-2124-4a73-8409-a49ba2e502dc;1
2b33b602-572b-4f41-8f77-851d63a2ac27;2
92cf6907-b7b3-4be7-9d7e-38758fac3ec2;2
8aa40106-012b-4a91-9e48-3f4969f6e3f9;2
c9f3ade3-6638-4596-a565-7f73052527f7;2
18340195-766a-420e-99d2-08b235e86722;1
5d75e48d-2945-4d80-ae1c-7e9840e14247;2
4bc20828-0202-4888-b9bc-5d476ac15b30;1
f9ec5293-a1f4-45f2-abaa-aa195de3a1a7;2
8777be2a-14a7-4bfa-a29f-777f4ca4b6cf;2
7db77a1c-a342-4a38-b3b5-dce464a43e5c;1
d2d854e0-292a-47b8-90fc-d5ce93f73e74;1
b55af787-e4c0-4b42-90c1-ceadc49c1f2b;1
aeac1be2-7d24-45d5-ac72-78100c32c202;2
b2a3d171-84fd-4e9c-bc26-4f83bcbfe0c8;1
b27b0cca-a28e-44c7-a164-2c1c5359b41b;1
4e1a616d-013c-4741-8f94-18bc08052ef7;1
7b0c0c47-d649-4432-9056-5780c90137ce;1
ecbbe333-f5de-4068-8d77-62a978542b42;2
53d4ea09-042f-4492-b17e-105144e9df05;2
76caa471-7eb7-431d-a89d-ede73c96e059;1
0600a734-bd48-45b8-a1f2-4fc43a729fbe;1
5aeeae7a-e3a4-42e6-a97a-9e35ea673824;2
d581c030-5db7-484a-a747-a5eb7bbb1a25;1
fe953dfc-9d05-4b41-8e67-2b1e67e18753;1
dd1dea3f-b7d4-4222-8ac5-b6b9080ff045;2
4b2da99b-d73f-4b6d-94a7-40089036d638;2
0ebd3123-0400-48dc-ba93-4322bd812866;2
00c6b3f3-ff77-4250-875c-892d44d568a2;2
ed7e837b-0ec2-4186-9b7b-df79b841afb5;2
3e7b03ae-890f-4e5e-b8a2-2bd9537e8970;1
7e01e25c-b1c3-4a9d-9c67-83310b1617f4;2
07852132-333d-4ce2-9f0d-dc24374337e2;1
80ef8748-3b88-40e8-848b-9dba6c8148ab;2
a1bbd9c5-c900-4b02-8088-bfab7bccc5c7;1
717b228f-4cfc-4f06-826d-47b0417c3dc9;2
657bb45b-c6cc-4714-9d67-20fc39ddb532;1
94e1fec1-ff9e-4c9e-b9bd-bdfeeec42b18;1
c475550f-3668-4862-9487-f3cdf0b025e4;2
18ac6094-3b17-4a4d-9fa4-0b1030aab8fa;2
dcab884c-b017-454a-9dfc-b1ec39022aba;1
63dc5c2d-903b-4405-8230-bc3f1a871393;1
820fa6ff-ff87-4442-9ed1-286c5d71670b;1
66fe3baf-a86f-4c99-9e09-12911a67f8a7;2
13f1101a-6562-4d29-b7fe-89890597a228;2
1d7813a4-63b1-4d78-960c-93756432610e;1
8e72dd4f-cbfc-4292-8dc6-14004aed6485;2
524463ee-ce69-4656-a3d6-8e9b19729bbc;2
d554a940-8941-4e91-94fd-3f1d2feb5599;2
8c23dc34-8679-4dfa-af98-79857f5d05f9;1
5aaa6d12-d136-497f-9a2e-2ab368ecadad;1
300389f0-d11b-4d41-b169-48813bdfbe77;2
49e84bb9-4896-4303-9b0b-ce33c022eb7d;1
6117f030-0308-4365-9466-dbdee3bf0165;2
c65c28c8-76a3-4fe0-9d85-d7a33be06074;1
04908de3-b496-4326-8712-176b50755786;1
6c4f67c4-dad2-49ef-b7fa-46ad9a1bed16;2
4dec84cd-2e19-401f-aca8-c6bbc27268b4;1
29789bfe-d442-43f6-8917-6be0afde89af;2
40e1c044-3a43-4ddc-bf45-b269e1df7536;1
b3a95f3a-0492-4195-9316-d08f557b9ce9;1
67645bd3-3441-41a3-95e3-af8458284ea0;1
573bffa4-5cad-4966-a9f0-a97808cd7f80;2
ff3b6687-d769-44a3-bf40-055af669a5e5;1
06f4d748-1f5e-409e-b2a9-a19682764696;1
03c3c848-d8fb-4771-8a8a-e0384da83697;1
789a06ac-822a-4692-97da-4a9159946c83;1
79740951-329d-45ce-9b8d-3d513a04069b;2
aeda8920-9a5b-4ebe-89a8-a022fc84487f;1
d910d9f1-3538-486b-bd39-cbacfd08eeb6;2
19540693-d709-451b-a67c-e0174bdc8f9c;2
9f8229de-5cb2-4711-933e-50e46950739d;2
042322cc-fdf5-44ee-8f3a-68a907e9450f;1
f60b77c8-adf4-45c1-a32e-202b0218e118;2
5f8834fe-ec62-4203-92e4-483e2d784740;1
79287d9e-8254-4ffa-8c12-3da33e6c4eae;1
3f08a364-25e3-4db4-aa2e-657be9b23dc0;1
1d6aa9bb-b09b-4e61-bda0-b4ce14995d2c;2
e87e4996-b141-4df7-8c99-20621b4a6899;1
3404b211-f623-4d7d-b6e6-91110db7faf8;1
377ff977-f382-458a-82c1-9da9699eaa2f;2
f2312a1d-423d-4832-97c0-0205ca45a733;2
ed786da4-c165-4ab7-8d01-81719031c582;2
91d5a4ba-35c2-417a-8f0a-426884c6d2c9;1
a955538c-a185-4e3f-9734-83cb94cd2990;1
6f303c90-f6f4-48fa-bfa1-70555a6fbab5;1
1bf5cbed-852b-4a88-955d-44a5298efdc3;1
8a203ce2-bc0e-45cb-a078-b4315275a088;1
a91094cc-34f1-418c-ae20-d18d8e46d61c;2
1a75f39b-9a5e-402d-a8f5-b5e493d495ae;1
1bc83a23-f747-428e-a646-8985a6a5b87e;1
bd5eb25a-0fb5-4eed-9da6-aa7ae6018abe;1
9eedafbd-6dae-4d0a-bacc-13abb71a473b;2
ebe0f5a3-7560-4428-87c9-037d275f095a;2
c5f686c3-0f4e-4025-a701-d613564a8a23;2
389ce252-ddaf-4223-a935-dcf3a61e3c6d;1
2560796a-329f-4b33-9fa3-32028e951181;1
f30875dd-ff4b-4f09-b332-e44deb19b97d;2
4c294217-dacb-47d3-baf3-1d801eabd0ab;2
bb812892-b43e-45ef-bb44-a56fc1f5f312;2
e88d647b-1b24-4110-9507-2ca017244d2e;1
e49a8289-b061-4c31-8f25-1694c72ad209;1
fb7e0437-46e2-4f27-8843-60a3ddb61681;1
a5054b20-ce84-4e9e-9238-f2b358943826;2
54d14d07-e659-475d-ab61-c07dd28a5662;2
1b717495-0982-4bc3-bbd6-64f8a0507473;2
dc9fcf3a-a12e-43f7-93c2-4ac2dcf5403e;1
68d3cbca-0643-431c-9019-9a7b6f675593;1
a52af7da-53bb-4349-b0d3-c6afe4d3d536;2
8e7f1e57-3cfc-4359-9d53-5990ce8953a9;1
ce12f3e0-e918-43a2-abf9-971fa0280adc;2
c1f08984-0fbc-4a35-ace0-1ef301a6075f;2
5763ff7d-083e-48d8-9577-f7da358f697f;2
9f2f9d51-f083-42b4-b21e-92a8f3dea7dd;1
9bbccc21-6e77-4223-a68e-620ad2d28dce;1
9fb4c43f-9f48-4cbf-bd89-d665063aa55b;2
631915bd-5a2b-4f70-8697-809dcce65530;1
c28675d7-e052-4780-afc0-520aa5f80da5;1
682a163e-dbf0-4245-97c3-48e0b19cac4d;1
dd267f63-98d0-4fce-ac04-998cbce67a43;2
10dc720f-1961-4afa-a3a3-6a7facaff6cb;1
e5d93f79-602a-47fc-9df3-4f6f786966ae;1
dcc437f5-6518-47c5-b94e-43bf11a1b17a;2
c4371e12-1366-44dd-adfa-fe5e33d5aa6d;1
10745ed5-ac41-499d-b6ab-e054939724aa;1
c07f453b-ebb0-4247-8c28-4543ee34cb31;2
f19ae9ad-86c2-4145-a049-118df1c495b9;1
f0755d7c-b63c-40ab-9031-fbf935fecc71;1
ced07188-4883-47b9-8308-d251c2b1d5b0;2
a85c1c3b-616d-46cb-8c92-1f6cf309e663;2
02f776b5-306a-4d2c-aa60-27dbcf474db8;1
c87085cc-3de9-4da5-bdd6-0f5bcf38ea14;2
4f32b040-937b-4f29-927f-ccb4aa067eac;1
b70b9a28-493f-47bc-a9b9-0649226a92dd;2
26ad8528-913c-4f4a-9203-a2111c1b244e;1
3fd5c2c5-74f7-47c6-8183-58fda1e05a6c;1
7fdfd93c-ceaf-4d90-a1bd-b2ac14b08e2e;2
d0cf3c55-9956-41c2-8ee3-8af72bc6e630;2
2ed7ab25-c706-4cfb-9e81-5fb1882935fe;1
70a7b9b2-55dd-4575-9e20-41188313a774;1
fd664f2f-3bf0-4ac1-955b-c238f8e86895;1
4b4df7f0-94ea-403e-b428-cae909abdb9a;1
ade8888e-c4e1-4cdf-97cd-b9b89c577b04;2
c0bee2c1-9d97-425b-a4d2-e903c82a9356;1
70f6ae93-f545-4702-b7e3-dd9ca97480e2;2
1f26f779-23ef-420b-8b8a-b2a1c24cf22c;2
8c9a9929-6f2d-4302-9915-e664d9ffa611;1
793a7761-833f-482d-8a21-1e922085a4fd;2
54771c93-1d79-4e44-a3a5-1c59b7230401;2
c6190c37-7750-4ae3-ad12-76b6876dfe85;2
19f4a26a-688e-4406-a42f-b2567baefd65;1
f7115c07-ec50-455a-a5c0-1e841480fde1;2
30171e9f-a3fe-437a-b6c3-38608045343e;2
086c4489-c10c-47c7-8d34-92510631dfa2;2
648f2e44-fbc4-4093-8753-4a66a735a758;1
e3bcefbd-5bab-4132-b1b1-b2f17b9ad3bf;1
e5ca70e4-c1b5-4999-a6dd-85f125bf4d8f;2
aa32cc7b-287a-4b70-a300-3a6029484fc3;2
dd9f58d1-46f3-4491-ba22-675a26269f4a;2
6c4a03b8-6074-4554-8306-5c854ae96a48;1
01d8f4d0-2af1-4776-83fe-1eaaf23bb48f;1
06e6127f-efd1-432d-807c-dcc5609cbb91;1
a21e23d4-0a41-44a5-8645-9e00cd290ead;1
099429a1-522b-4519-9a19-bf11fdea4096;2
4b573870-dcc7-43e5-a8d4-9a2fe177d358;2
2b042e7e-325d-4e1b-8f9b-6fd91b694ce8;1
200fef50-e7aa-4549-b554-07f1ffde8054;2
b5ae85d9-f59b-48b6-927e-743a7440a9d1;1
50a9a9bb-e5fc-4015-8902-ee4b5c164b9a;2
5831d85d-aa40-4d5c-ae8e-f6dc3af591f2;2
e07ae432-74f1-481f-88f3-839e019f2dec;2
f8278ce8-9dd4-43c3-80f9-ffd050fbfabd;1
b08389ce-1ac2-4aea-93b4-ec73a4ab90c8;2
4e4137d3-53d2-4780-a186-17f04a4b7a88;1
de1ac3a5-c002-4a87-9039-162419716513;2
271d0cd5-b8c6-4610-bae6-071879817141;1
73315a24-6025-46bb-836e-50d7c10392f0;2
6e1559e9-d821-4ea6-bfde-f586b0ea9e99;2
ae076156-0bf8-4192-8eb9-74030d3dc610;2
31f4d815-faad-4c00-8ebe-67fc441b2846;2
ee7cd7db-d839-4dd1-a7b3-b93546b8602c;2
509ad53c-7e35-41a6-a8a8-24bdbfe9c6e6;1
64769d37-0527-44bb-87ba-4ce1d9fe4416;2
bc3234b0-ed1c-4df6-8e9b-d8547f4a520a;2
aa38d576-0632-4369-9959-91893ff6501f;2
939c8e03-52c5-4466-9196-ad434873f2c9;1
6801e57d-be96-4e22-b57e-a97d2607d4f3;1
acdd3c8f-0abd-4546-8c40-0ff928717d43;2
5a640bcd-706d-49fb-90fc-4d2f050413b0;2
64aa91f4-d335-4bdf-9f9a-c6cb046f6645;1
4b1a776b-e688-411a-89fb-8ed1f2f8cb48;2
f512fda2-6c3b-423a-87c6-f0913e002489;2
cc8dd44a-a480-4c53-89fb-0cffb87d5aa8;1
c596ef48-fc70-4a1e-8071-beb70b28af36;1
ba6c4156-caf7-4c22-a59a-8b1230eeac4d;1
fbbee6bc-876d-4657-982a-727088eed5eb;1
928dbfa0-409c-401d-ba4d-878dd1825bcf;2
37ddb5e8-a857-43df-82e3-71a3132d176c;2
d9ff315d-50b1-4242-a395-88127ccfbbbf;2
3e34f55a-c798-4651-873f-44860e375f43;1
9fc731dc-9571-4e29-a69d-6c64b883c0ff;1
4b8656b7-3160-44f3-a618-0f14e63efe1d;2
4a4c3699-4ff7-44fe-836d-d390b687b347;2
ee981467-165d-424d-96f5-563f05cac909;2
c2cf8178-dcf4-4a0e-85bc-3ef6c8a7efb4;2
9d29f50d-34f2-497f-9a02-b08bd8d4417e;1
1b8fdb9c-10bd-4598-877f-6ac4cd4fdaf9;2
836b6682-ff0e-4ae1-bc38-de5cac453c59;1
d488589a-7e41-4d55-9977-8c26721b2963;2
699bf519-449c-4902-9a11-990a90e5e405;2
7cb0b82a-ec5d-4b2e-90ee-c25cb305ebe4;1
3f6c1403-a99c-4aad-a6bf-024fde665499;2
f82d80f8-c895-40ed-b236-7713460105db;2
8e0e3040-6628-47da-8406-37d2b2e546b5;1
1286b357-0c18-4ae7-adf0-beb1b2179bc0;1
6d4e2db4-70ce-4d48-b6d1-d74ceea54e46;1
e62cab96-717c-4bf6-a7d2-bf4ab74fa121;1
77c63ab4-ab4e-4ba3-9842-1dd6436717a9;2
0ef9991f-8863-46a8-8ad4-b0aeea470169;1
4c1a2c1a-1c70-4c02-bd87-f7a9e5b3aeba;2
84c7bb66-d288-45d3-9eb4-70580e535de6;1
3a5dbc6a-f728-4049-b9e5-6df3b29f66cd;1
b9df351f-597b-417d-96e6-61cd0bbc9998;1
35cc2afa-67c2-44bb-bb10-5bc1e9cd9d92;1
88074985-3e0b-4f96-bfb0-6f181a8859ab;1
7bc2a79d-5750-4f82-b255-d373cbe7d131;2
ffd9f0ce-2587-4537-893c-7ff2358032e9;2
c3d9b87f-a63c-4795-9f62-e2580582e20e;2
2d9f120d-9127-49d0-9863-92a2862a077d;1
cf887852-a381-430a-b2f4-71eac6f70870;2
98eee35e-715f-4112-ab1d-674013ec1011;2
6c786afb-2152-4029-be7e-ff51f4d6005a;2
77d3597f-8e82-4f15-989b-476853f15fc8;1
2a5f3a23-4110-47e5-a294-87b9b80fa7a8;1
5bbea77f-8c12-4f1e-966e-587fd0ea5fb4;2
7e94675a-0125-4069-ad03-a75e1b234a04;2
58a325c9-d2fb-4e1c-a2a8-7d659a73ba5c;2
98f134a7-87c2-400b-b47e-296eef21789d;2
4d9afc91-72f7-4ec2-a3bc-6b6f4bc2edf3;1
c08748e1-100f-4bda-b983-71f6d7321af1;1
505cbadb-f738-4c95-ac47-d438c795e075;1
e1afadd9-0bae-41d0-9670-6077bb78b765;2
d02f5320-21fb-40af-83ed-f3b4c1e040d7;1
48b58371-87aa-4255-8d24-5cd4a934a93e;1
9af1ca05-8f2f-4c75-910b-2c26cc85f33e;2
6ce85072-230d-4ad5-9116-eba01bcc4df7;2
f57e3577-1d20-47a4-b7bb-c270ca7a040e;1
3668c7d1-9714-4267-90b4-3f7108e916f6;2
a820f9d5-2a53-4248-b849-5541a401fca6;1
8e898d8b-b1b9-4468-9514-1f6bf6be91bd;1
e2c36319-0a5f-4ad1-86df-aaf2466645af;2
b218ef54-b746-4956-8116-a45cf2dcf21a;1
e7497f92-6e13-4bb2-abdc-0bdb79271c83;2
666593d6-15ec-4dd4-aa3b-e736a3c83f26;2
faa9acb4-8dcc-48a1-8db5-826a50139d33;2
15d497d2-ccd3-4517-9f86-0f947493e14d;1
c4b18977-5d7d-44ef-91fa-a13c50eb1ce8;1
d567a0b1-2ce0-4674-94b0-16c1eee57d22;1
5b7bb0ab-1305-4e8c-991b-39791c2b0a1d;1
7beb100b-8ae4-4b4d-b9cb-91ae0b020b33;2
4ae4fcc5-802a-4e9c-8ea9-34157d39b292;1
c1650ef8-4ce9-4b65-a24a-fa000b339db5;2
34e91bf0-0b9a-4f3e-8c41-1303a5409c00;1
00b3aa66-bc51-4af7-af4c-7b158c63cef5;2
b488ac94-029d-417b-b0e4-406375a75510;1
5971ee07-485f-443b-9de6-34de57e6b2f5;2
9e09e4ee-52e5-478a-a2e6-138ef5ee0f09;1
a8de8bd9-f1b3-4e73-b035-f2349fe0e916;1
9d8b945b-ee12-4a03-995f-fbe1baa37f31;2
d6b98644-d14d-4675-aa02-faea75d42f55;2
c4141686-9fe7-4dea-a119-bc07cc357abb;2
0db9f4a1-b072-4995-80a1-d7631b57e58f;1
9174db92-a373-4c2e-9ae2-819a846c01b2;1
f162eead-f7f7-40ca-ac61-b58446fe8079;2
feb58e1d-18a5-44f3-ab86-7541e4763a91;1
2dd840cc-ae54-4032-a19d-702ebc8de60b;2
9cfdb2b7-cd7e-454d-b633-cd1019fdf1c1;2
06de1bfc-7741-4b8b-a85e-54a55f9bbeee;2
b4e2b44b-3cc2-4d54-a15e-e084fc550ac5;1
4011719d-f964-41c6-b336-a8364463723a;1
f6e65ee1-8472-4df7-b8b5-630406d9ea63;2
4a95c445-2eff-4202-a6b4-6abb2815aebd;1
1d00aef0-3b1f-4458-a8da-ddfacc059c26;1
4d212774-eba8-420a-bd2e-c2c955aea34e;1
b93d7e46-7dfc-47cd-b761-618ca7c85807;2
08981352-5d43-410a-b416-8d4d26b030af;2
2e4c9b5c-e4fa-4ced-8375-3825a159d2b9;2
a37fe1b5-04e9-41ad-98ca-07cddb68c7ba;2
ac93c82c-cc55-4215-a367-0d79336da18f;1
2ff9c645-56a8-424c-a5f4-86c1dcc64d31;2
35a4adbd-7bae-4e69-8689-6cc7ba8e4362;2
46d0c2e5-ef7f-453b-ad0d-200c65fb3b89;2
0f4829b6-0ef1-44d0-938e-54c6c8c75fbb;2
8836119b-5461-4a5c-bd73-c51853823fe7;1
a895d2b8-4e7a-4278-ae79-78582185efb6;2
b8f6ff60-705b-4cbf-ad9a-be1387ad1f96;2
30bf3206-d70a-4aff-ae80-4e311f316adb;2
cdc75884-d67a-401f-8b27-89c717d324c7;1
a32159f3-a383-4500-a045-c1a67407ba6c;1
8eaa0412-026d-424d-8e36-cea3c0401ed8;2
5872bd3e-3d3c-4e7c-871b-1ccec4ea958e;1
939c2fde-2df1-42f5-bd9b-9a1ca1600429;1
c11762fc-c388-408f-9ec4-22aaf845eeac;2
2d7c7d99-f2df-4449-bfb0-4f90d59006a9;2
6c3b5aa1-b284-4c6f-8158-29d116aa8308;1
31aa2e33-4aa6-4adc-a778-efd57dc51de4;2
a87ff9a7-8f83-42f6-b8c7-d4a5b0cf4f9b;2
da6daabe-0b43-44e7-bfe9-10cf887824d4;2
7a011c4a-e4cf-477c-997e-1f67b941e0cc;2
62dc5fa6-4ff2-4553-beb0-ea6d37206b99;2
c00bb9e0-5707-4814-9bf4-e3ee11ecbf29;1
ff094698-1ff4-4d41-acbe-4b14540e052d;2
ef795ec5-fbe1-46af-85f1-29a7e3a891a6;2
121ec8bb-da5b-4959-9ffd-33d3ed7d8698;1
1174411a-3b82-4f42-9e81-372cac2b3a48;1
f50423cb-c104-4d33-8d38-8633bcf587a0;1
b1251115-8ed4-4b1c-934e-96cb4d5c33de;2
94c7aa57-aca8-42d2-b629-4faddd378b97;2
e61208a5-c484-4056-aa7a-e0369e87bdbb;2
fcd72e15-3564-49a7-843d-8e4b21ac766b;2
81057e39-ce2a-42c6-a1ba-ccfdd442e216;2
3140a5c6-fcb6-419e-b572-c5fe91f41c73;2
087514ef-6d1c-41fa-870e-0b99ec847aef;2
e8726ee6-29fd-4bdb-93d3-e647081bf3ec;2
d5a5816d-7310-4786-9986-8ba4130ac6f8;2
fdacb155-f579-46fe-8139-7382605dd178;1
7adee647-e412-47e9-b474-33978b2e375d;2
53cfc9d2-0c88-44d4-a4ad-849a65369f27;1
e7836c5d-d065-4a80-8b3d-e6c09e84e02f;2
dfbecb72-d2b2-4c4f-b8f5-ad64d5e068d5;2
6fe71d74-5cad-4571-81b6-27625f8eb8aa;1
2d6885d3-09bb-4044-b5bf-9764abde163e;1
d7b69810-4d4f-4b29-9908-958dddc4c437;2
e84c635f-905a-4017-9918-521b64ea1a5b;2
35344ccf-9a93-44a2-b851-651753788e1e;1
4445d059-a3df-406a-b142-6f0982abe31d;2
b53d864e-785f-4f63-9ee3-f29e7a39c80e;1
7c2ecb27-f189-4ea2-b025-3b87d53d5b6b;1
19e46a50-53b6-4225-9b69-e4a445638e6b;2
594c068b-b01a-47e6-b565-c3dc4d8dd8aa;2
67501967-2ed3-4b7a-b767-942dcca14f74;1
a31f8e65-c638-4aec-a9de-c86045534442;1
47f9ec60-8307-4db2-b108-1ffa45abcf23;1
060fd1ae-d76e-4f68-a563-a7848e64188c;2
61da3ddf-e074-4a7e-9f24-259de8b89f0f;1
e53ec769-63ca-4bc3-ba25-3a4fc5869011;2
9d5bef04-d8c5-4e1d-b8c9-79c11fbd5cbb;1
d5458de4-ea6c-4cf3-be59-3f63f4aa7630;1
cb54ffaa-0b1b-4854-b6df-f72e4bbae7ee;2
a3dcbeeb-0593-4071-9a2e-e9bd56f5409d;2
0b394a67-c176-4dfa-af59-a6305fade2c8;1
81c0f37e-de63-4f41-a29d-e919a3a5d4ac;1
00af1522-301b-4c2a-8b7e-a8cb617d004f;2
b8092f89-e401-44a1-a7d5-e65a13b5d10d;1
58163d3b-1d09-4efa-a9c6-0eab94d4826b;2
b7532258-1ee6-44d0-8204-a16b212306f5;1
db6aa439-cd03-4fc8-a76a-75f1c9b7338e;2
a328b6bb-d170-419d-bb8d-fec5c1d82abb;2
02b42478-616b-488e-8a78-4f88c8f7db4a;2
5c8433e6-3bf0-497a-a5aa-2f8a30ae1662;2
d9f04a56-450e-4fe5-b753-b1d01c538b5b;1
1ea1b1ff-01aa-4727-8bc6-e45aa7607a4a;1
b44ccced-ad67-4320-b371-19f69923905f;2
803cb7d0-2954-4b4b-8ea5-b56490b33143;2
26f973eb-24bf-4c28-9350-859a99ec55b2;1
7187afc9-8b59-4e4d-9f01-4527105fe38f;1
22faa5c7-5d2a-457b-b020-4793e83221a2;2
7d9f1cb9-4eb7-481a-80b7-6b62a321fa9f;1
4a74d84e-9566-4f32-abaa-99d9c685903e;2
eb50e7b3-2e89-4a9e-be80-8a4ea41a5188;1
3ddf31a0-8f41-4edc-a10a-476d9d37c9e0;1
bb583bbe-5c66-4ce4-b298-541b6a465450;2
3996733b-2b34-43cd-95b0-1da91d37a8ec;1
00a9cbbf-2ce4-4a2c-a214-68e279604e04;2
d1d821ed-fec9-4041-b895-272811cf612f;1
0502ffc3-ba8d-42a4-a231-019618f9c2ef;1
a2ffc941-7f25-437f-96d1-12d652187fae;1
a0d528f2-4262-47c0-a745-2afdec94f24b;2
6ddb4030-a809-42ba-8732-f112b4dd1cab;2
de6d978a-6e17-4b9d-a8ff-9beb9cd44266;2
f501b6f0-0242-4977-a6fe-0ba78901badc;2
8a465d9f-15d9-4c53-aeda-7fadc8f33196;1
78dfad5a-9988-4846-9e1c-d83c58d01d8e;1
7d53d296-144a-4baa-ad04-e43678ec86d2;2
c3f864c9-9d5d-491d-87f2-8feba4e33a25;2
fc08e0e3-03a7-439c-bef7-53fd0928a86a;2
8530c055-5473-45e7-b6ca-3c2724994e8a;1
9c54f6bb-6188-4643-b83b-5cafa974baf5;2
aff65699-a32f-4385-9ef8-2eb6ed0d005c;1
8098e18f-0f52-41d2-b1db-d65b3f8285a6;1
bc590d15-973c-4861-be1e-4ec2ed0367f0;1
47e69a54-884d-4d11-8652-48beeb9e0477;2
f497bfaf-0634-4e64-84ef-0cf3c658822f;2
1f6148a3-5ea5-4a2f-8342-da618f330c96;2
2b73f3be-8c97-464d-be70-b87f2f71761c;1
b970486b-0b95-45be-b38c-85b498add7d3;2
c974a9c4-bfe9-4cb4-9141-f662818adde4;1
643a959b-408c-407e-9e75-ee3cadb28404;2
dbba3346-71cf-462c-8dc7-14fbc8d3713b;2
b2bfed19-af9c-4bd8-9ce4-64c0c2e199c6;1
a7b92f39-f2ca-4552-8d5c-2079db6cab9c;2
c247b222-4851-46fb-b6bc-df7e2989997b;1
5370beaa-e69d-4fa4-9ad2-2e442b1adb9b;2
a7b75278-c345-4393-8c5d-18c42eda695a;2
fd154da5-e9ab-4051-a5d2-7176e450f4d1;1
87160242-d73a-4fcb-bc45-261ffb2456e7;1
ebc67336-45bd-4a1b-86ac-a15a773b683f;1
76d5577a-83ca-4cd1-8436-51b1d8ca2d54;2
b364e23b-2b03-49db-90eb-891e6473e81c;2
c3af3a65-22ba-4f32-a6e6-88c3b3e10309;1
fb88b508-a757-4d97-9e73-07949ad15983;2
e90e35d3-defe-4259-a3b1-5825c9f58b0a;1
8af9b880-ada3-4f15-ab98-ebea154526b2;2
385e73bf-2b6e-470e-bd70-6af93d68833a;2
2b86dd3f-d22a-41df-804b-76ffe3de0d4f;2
8f9b4fc1-5fa0-4c19-8425-7605e3ee28e5;1
3f7bc6d7-e8e5-4fef-a458-67911d31f1d8;2
0f21e02b-6d50-485e-988e-589eb55230ee;2
ced41136-4b25-495b-abfb-03ffd44bc5e1;1
dc529428-6d81-45c0-9242-b425b9331090;2
dabf5687-aa84-479d-a40c-08bf9bd61cbe;1
f83e4b28-28b8-45c9-8b89-7c3ae17d7653;2
c7c8c4b5-97f2-44ce-8c82-42d9a12b41ab;1
974c1f58-c93a-4af4-9720-ac11339fab91;1
c40db2bb-eb63-4597-b803-b9a57132fd8e;2
4f3a76e1-fc2d-4d43-b3d8-ae74e5738c1d;2
a653fb20-7bbb-425e-9a11-a3e4ccf57a37;1
bba56025-14a9-40ae-9a62-183069ed1d1c;2
960a3630-3ff3-4aa4-ae71-3b195daaecff;2
ba65df4d-5e64-4ba7-adee-e4285a848677;1
7a1cb85b-7464-4602-8d10-3b3a9994f254;1
921cfd15-19d0-4901-b5a1-c0f764748888;2
a95c2069-1e6b-41c3-b959-58ad44103fac;1
97e0cba6-42b9-4a98-81c3-80d19786783e;1
176719bf-4936-411f-8c5a-edcf618d1c84;1
47e1181d-1658-41df-8cb6-8770f69de750;2
87c0fe5c-92ec-4873-9ca0-322a0ac7eec8;1
83a86db8-6300-4152-ba14-a23f7f105809;1
a3077132-8650-40a2-8bb4-deba22ec8709;2
fd566221-6b99-4864-8670-a893773f931a;1
dc856147-18dd-4239-8270-af14372d56fb;2
532ca510-a192-48c9-90cf-db28b083542c;2
f5b30b0c-22c6-4a8c-a7b9-026afdb21d40;1
7a6dc015-ddcc-450c-b986-f395cb3bf4bc;1
761365d2-01ca-4bc2-a473-ce4feb8802c9;1
3a988e91-c8bf-4cf5-8f5d-de93fd62ff23;1
77f3f849-8376-4af8-832d-65dc33f138d1;2
1ac8020c-9bfe-4756-9400-5853968abd0c;1
eeea39d9-8177-44ce-b79a-db14b6850f19;1
c2997a8e-4316-441c-80b6-dd4265398723;1
9178cce2-e21e-46d7-a804-3c800a163a4e;1
85c46b97-3bd4-43fb-b780-085778a3dff8;1
2d20c719-7be2-41d2-a7a9-51c4080c26ce;2
a80e3982-d09b-4bc7-9329-2e0023ba80af;2
f37dc9f5-e31d-4d61-b14b-9de1b36f5cf2;2
f57f56c1-f834-45b5-b0b0-e7a4f67d7a36;2
b40b3b38-5aac-4c65-97e5-700e795f0e08;2
a84d020c-2256-4baa-8723-a80491835fbc;2
4b199ef7-879c-4d9f-a205-e639ec187918;1
9c2514c7-ef8b-4920-bcb7-3b08cfc4d8a8;1
8997a67c-212c-407c-a51a-229023dc9f59;1
d9dc0a18-5757-463c-8962-a3882808fcc4;1
a7f95081-0019-4f60-8588-abc885039fdb;1
6cd43ce8-a10e-42e0-82ba-57b3d85ab449;2
01a1bf81-2e53-4a37-adf7-2868bc4b82f7;2
76338446-a674-4b62-b3dd-2d0fef6d2165;1
b49e4faa-f156-4a12-8fca-c7c8036b3c4a;2
57ec537d-0b7c-4957-9d11-10d22ee08b48;1
72323ddc-fa33-4666-8e89-fd379e5732c5;2
8ed7e3d2-1bf5-4d0e-8d14-685f3b0ac7ef;1
e21ed0d2-0b66-4fcc-8015-c55aca3f1ba9;1
d568ffe9-cd36-4354-8929-6fb97fadc7ef;1
67e38ab6-3c00-42b8-94dd-7512da2154e2;2
a79d7a4b-dc99-4989-8acf-882e83ec7d51;2
7b9d854d-2249-47a9-96aa-af4976983ed0;1
1c8e8a4a-e1b1-4364-99e6-eb110d51b2f6;2
82f277e3-7e5d-4d2a-9c9b-344b3dffdadb;1
70a48918-aef3-464d-b1a0-956c85faf42a;2
5f55c337-d134-492d-8d41-31683a9cf547;1
46ca1732-0dd2-483d-929e-c9b81975f9bb;1
03d1a442-52ca-4933-8590-26b701c35772;2
d87b3836-6d05-4179-bdd9-c5ede47d9a2d;2
c89ae44d-d631-45a2-bbaa-0b9faf9a0148;1
42ad5083-40e7-420c-bafe-1fc61adc4dc3;2
b571d79c-0b95-4926-a3bd-b62e2d5c02b4;2
e74d7550-1aa4-448c-af35-0d5396bc060b;1
b6b0354b-03d0-4355-ad8f-910331df15e6;1
c57ebc94-3648-4079-ac06-5b1b71c36018;2
d6cad4e2-c616-46c9-a8e1-710f378f732f;1
9d28c95f-4252-46c6-81f2-d095df2c2d58;2
3ebd4f4b-5dfc-4d8b-8ca9-c000a8402563;1
9e1277d4-b00f-4d5a-bdb2-f3e1ddcda6aa;2
e056fde8-2984-435a-9d9e-a9cd8c293188;2
8093a2ec-3774-4004-a2f0-87323622abcc;2
153b908a-6d8f-4d70-98ce-def7d3deea1d;1
20238228-1608-4bd1-a34d-19a91285dcf6;2
8d0ae76e-be52-4e62-9601-5fad0c9c32a0;2
b9d3aaab-27e7-4573-be71-697c2b00ad9d;1
ad714a49-1b02-4bcf-ab23-0d99e338bfed;1
7156af0c-a6a0-4cab-8386-8727f35b72cc;2
ebc6866a-b4ec-4802-b11d-a010e88b8c64;1
588136e6-e8e3-462a-bf7e-53f4a737dd7f;2
486f27bb-a6f7-4766-a0aa-275f6706d1d5;1
bf1bbc71-67ee-4904-ac9e-b1f8fb892b8d;1
ac9896e8-1d52-4b7b-92b5-cdcbfd262712;1
35296546-8e5f-47de-be5d-3ce7d205dd67;1
920b55b0-f6bd-4290-aafb-8d72c2ede9db;2
fd1e07db-5006-4494-99f3-48c04b4ff834;2
8c6176d2-e7b7-4bb3-96f0-49198b5815e0;1
0f93f7e2-e693-4ba8-bffe-2a48a685f4c6;1
7cc13eeb-790d-4b89-952f-ad168e2a2884;2
e162072f-ba12-4f27-b055-d34bb324c0d6;1
aab78dce-849d-4d5e-9884-7a32f994cd23;2
8a02d67c-1259-492b-82ef-9381476ff53b;2
119681da-71f4-4543-b08f-ad5fbd4cf29c;2
02c296eb-b7a7-463d-949c-de690ced20e6;2
b7624dcf-a238-48d1-9960-5a78357dfadf;2
128278c6-1cf6-4516-9081-e5b378bea42f;2
6e50e54c-22d8-4a95-b7e5-de37025884b7;1
bf6201b5-fc9a-4ad8-bf5d-11e8a099ae6b;2
91e11a03-0860-4229-9a22-6168914c097e;1
34ed42a4-d536-4a24-b7fc-6d0676fbf823;1
a4dda1d1-9210-46d6-94ea-11c1bdca6d56;2
fe8899b4-001a-40c5-b4cb-69132f824600;1
53cb85e9-d205-4bc2-831b-d690db8428ba;2
ff8c98a5-1640-404e-a366-5b7f753842d2;2
0ce230a0-8754-4796-a440-742993d55c63;2
2d18614a-dac2-46b4-91e6-5ea8b8aab4a6;1
238e5f00-daf6-4460-af0b-d782295aee4b;1
72bca721-6606-4413-aa54-3178828f7f67;2
59f9d7f8-f2ad-48df-8449-51eef457c0e0;1
90faf5e4-4793-4a0b-a036-26301daf6de8;1
0d367bfc-5f96-4e62-a81f-2511a979d35d;2
733e58fa-52e6-44ae-815f-83079157c206;1
a903bf22-7be3-4a51-89dd-9cfb1d2db477;1
6a87abee-d030-452f-8a77-22a1eab7f244;1
d539adee-0a1f-4584-863c-1db1795180fd;1
7d6820ee-8954-4171-937e-41b296d90fa1;1
9bad825b-15d2-48c2-a96f-222915f481da;1
6d7a1f4f-3189-4a7c-8357-4439b3a2e845;2
048c4efc-8660-4590-a99d-d014b78b831d;1
4c9b0a37-4c56-486a-aa80-dacb06cea036;1
2b42360b-a1e3-4417-bffc-b1fa02b29993;1
a9a39042-1d7d-41fb-a4c7-7441f9763713;2
1b6c7934-f9ab-4114-96b4-e517ad059857;1
5370d4ae-a92e-4765-b96f-e7cb416d3dd9;1
c12f7e64-bbf7-420f-9ace-817ab2d9c3c3;2
fdf45c77-af44-443f-9f99-df42013426fd;2
0ed1b938-ab10-4390-ad7c-d2e11997e2f5;2
3552aac2-a185-457f-9002-34b1e31bf524;2
a9b769d0-3fbc-40b5-a719-02fdeb81f5ab;1
4ecce5f1-f80b-418d-ba4c-62ddfab9d4b2;2
baba2fc8-d600-42ed-81cd-4f4d98f63410;1
467f06d2-fdcd-414c-b35f-c4eac83d027c;2
d00ae10c-0bdc-4435-a5bd-892756f01706;2
7a38334d-aa1b-46f4-a66d-cb9919e52d8b;2
5c0e8d75-87a2-4706-984c-988541dd56de;2
eb5e9596-cd6f-4062-b58e-765c4fd786bc;2
64955624-de53-4fef-848b-c09518c67513;1
575aa58d-8564-4aa1-854f-08a1ccd977c9;2
3128ae2f-f25d-4bc9-93d4-91f4763d3adc;2
ab574b58-e22b-46e5-9ca5-a0dd8e9840a5;2
3c94bad1-909c-4efb-94da-7baa6ea1e399;1
ad5a0bed-82a9-4000-b534-30c5821cb002;2
e093d706-2829-4deb-8748-b908b38ecdb9;1
dc24139e-ca93-468e-b523-5d9c1375dff6;1
eabccff3-b92a-4706-b77a-3c11c1140eaa;2
e42a0d55-bbda-4399-a5f2-7e0dc5162252;2
82d4c101-2cc9-4969-acd9-6671595082ef;2
3a56e0c1-5914-4976-9759-ba10ccafa358;1
7e5cf891-fafa-419e-be6c-3af3a200a1fb;1
b2664b43-191b-4146-acfe-279a92a7deee;2
edf30f28-b522-423e-87d8-ff44995a96fd;1
27391502-373c-42a9-ace0-357a8882832b;2
e034720b-9b09-4083-a0c3-9f7680a9d302;2
c1e14597-1c99-4d8e-a646-b15e465a96bd;1
7af1f2e3-a972-452e-b206-184418a9b1a9;2
9e9b060e-dca8-4520-8f5c-dd0e2f6d25ef;2
bbc0e171-1c06-4443-8104-fac8a4cbe900;1
1c54b729-ac95-4893-9314-fda4f27234f5;2
e3349114-0a89-429f-8615-6596af501267;1
0443f7ed-4cdc-434c-8b38-6b01fff3359c;2
4512fcb6-b094-4833-b59d-1668149b3b98;1
a31d32a3-ff93-4282-9a9b-643e38c2b3af;2
198af1e4-197c-45e0-ac48-ca104d8c5cdb;2
a42ad955-f2ed-42ef-8a0e-d8faae4a20c1;2
d740183c-b53a-4e40-bcaf-4c28b9e6eea5;2
d179e078-571f-4899-b3df-c7db5d713e3e;2
84beb4bb-cab1-4557-832d-065447f0c8b8;1
bc1e26e1-7a27-4192-87ab-757022e3ea8c;1
3609f521-76d2-43a9-bcc1-638b7264ed73;1
f8518727-c822-4db2-8d96-6aaa4c06ec48;1
f7c7a349-eeab-419d-9801-15bbc8432873;2
0bacee15-dc7b-4d87-8f99-7795f013a3bb;2
abf6e9f7-60c5-46a0-980a-b773b47e7266;1
00269e6f-d8a2-4e6a-b3b0-49f1557c2e5d;2
56934b31-eab1-4879-81fe-029639fd43d9;2
b8f569ab-e644-40af-9577-e203a3ebdc2c;2
79a1e8ac-bc00-47c8-85b3-5607ccd1b7dd;1
baa5f2f3-3f64-4893-a444-5c261b3538dd;1
7eec69f9-71ef-4d09-93f6-63f8679b06c3;1
03c81238-af00-427a-87e9-f05b01487a82;2
6de77204-2ae2-4f23-842c-973cbfc89f4c;1
3394c02a-f297-40da-8916-c9a0741342af;2
c6ca3041-c5fa-4fa5-a145-20d5c13005b9;2
241552c5-cab3-4fa6-bb26-74f28ff7d23f;1
ebf12ce2-1ce9-4dbb-8a68-6871ccdb3210;2
bc99931f-6169-40ea-8b42-b9a1beb0ba13;2
718da996-aa5f-4ab3-ab37-a219133d1664;1
71f1ee63-2763-47b6-bb30-ad2c93fc9aca;1
beff147b-c014-4b16-a50c-d8120df5839d;2
3c709eb5-1071-45f9-aa0d-0bd9a04bd2f4;2
e4d7d5a4-75c4-465d-a23d-f0c8f3a807b2;2
8bb85c9c-0780-4fb9-b56e-527f1f62bde6;1
0af63671-6770-40fb-a43e-21e143052964;2
50faa55e-db81-46d4-88fe-c32771acacd2;2
b69a7be2-1f44-4af2-93ff-f8ed1b97b384;1
366eb0ff-f6fb-42bf-a833-be83e4a042f1;2
d6c8c7f3-765e-473d-9073-b0798bfe29da;1
73a5988a-6651-40c6-acab-2682a4253c1b;2
72f3314b-56ba-4063-9fd4-c8ad918ffba3;1
571eb5b9-855b-4cdd-8d4f-2658c0dd43a1;1
29e56149-a321-42a0-a5b3-9c2729a02128;1
8d6f8ef2-574c-43b5-ab6a-af7971566a6b;1
a0fe92d9-fe1f-4db9-b562-75ad3250fa80;1
ced9376c-5c94-4ac4-925a-5dbd4d1e1e98;1
8ea8917d-7444-4acd-90e3-a1dd59183549;1
70b5a5f7-eb36-4d3b-a2ed-71f82071f8c4;2
e14cf8a6-31e2-47f7-905e-ba14bcad2127;1
debdca50-6ea0-4e8b-bdd6-0f223a7afaf7;2
cd747b3d-d5e1-4748-9791-dea8d73a7ec2;1
1b885db3-6e5a-4be9-9803-789b4e1b2196;1
2367698b-28fa-4b5a-b473-804c7e4cac59;2
68ac5740-fd6f-4836-8e93-806bde6012af;1
2f9bce6d-bcbb-4cf6-b6ec-d05446294427;2
a92af6fe-a1af-4cab-8156-de109a3a92fa;1
e0f7ae97-b1a6-4253-b1d0-1e0417b9f520;2
19fb335d-0442-4151-b894-6184a3780a44;2
f2028773-e6ce-41eb-af88-ab7e4a779853;1
d751a3a9-cfb7-4dcf-877c-dbac3a3f7415;1
4cb92979-7d31-4c7d-aefa-64b73a6a50cd;2
1104bc4c-fa3e-41ee-8338-bc97e9f73c74;1
89cfbaf2-9d53-4241-a568-1e1184cb6329;2
490c15c4-c619-4baf-99f9-4dff0d3da13a;2
7c4bf0e8-634f-454a-99e2-6664ab236a00;2
b496a6d6-f0f4-43d6-b507-fd1a3ea1c36e;1
8fa68b2c-8480-4f12-842c-71a774697ba6;1
ad033312-e3bd-4387-a253-ce26f0b14361;2
dbc6b698-1ec3-4e15-8a32-0402e431159d;2
e32003d6-b633-43bc-a356-fddf1f5bcdf1;2
8a6639a4-4c84-44a8-bca8-56faa2461b31;2
d05dac9d-3b4d-4767-8fd5-fd0859369571;2
24c6a6c5-0e0e-4da4-ace9-97a2f512c3ae;2
c2cc5622-a5ef-46ff-8910-4591ce168396;1
05058686-0a60-4e2e-9a1f-dabc24d7c8a7;2
b5a6e454-069a-4556-8490-abcacb86064a;1
f36abb40-3d41-4bf0-8ed7-1e40ce53c481;2
238e3135-9889-432b-906d-68c5c139fdf0;1
aaa09740-f6b8-4ab6-94ff-ff701fc9b57d;1
1cb99e14-6c33-4f40-bc2f-054f2558f38c;2
cd7f768c-4b7c-4d16-a671-e5c636e79c50;1
d45d6b9c-72e7-4b00-9eee-ee9fc6dc7157;1
518afa85-e954-4a1a-ae39-051f6c2b6e7e;2
7cc9d640-77c1-46f0-8ff9-ca0e2dcfc5bb;2
daf047b1-1353-450a-82a2-6a315698b63b;1
50fefb20-508d-47c5-b0d7-69784144c752;2
506e0005-c8d6-4ec5-8c65-6084fa3be859;2
ad2021ad-d14a-4792-bd16-1fb7666e1f08;1
5c27982d-50d1-4b4e-9af9-80900f013c81;1
9cd3ddee-60f9-4335-aaa2-196235d92b4d;2
da10b4fe-63e4-451d-ae70-b59423b03319;1
d96c9abf-d04b-4535-8f76-a5bf47b82698;2
7a8eed1c-ef05-4e6c-9a32-4f4669735efd;1
c6dc0e6d-545f-499a-ac16-5c6835ad3f34;2
480bc3ff-c8c2-4368-8901-2858acb0307e;1
644b9c80-5f21-4f47-8c3b-ff0bc480ed7a;2
204fad2e-928b-47f9-9fec-b7b42e707067;1
fd59a449-ab13-4291-bf95-8650b8efdb48;1
6217cd6e-e67c-4df3-b5a9-07152d9f49cd;2
d3f81fd3-6c8d-4c03-8c0e-3771fdfb0a4a;2
c88bc0bc-fa50-49b6-a034-741fe44ef842;1
2121cdd2-3113-4c0b-b073-d38f3771f80a;1
34a9ac3a-e523-471f-89ab-47c8a388632f;2
3ff0b91f-5eb5-4db9-9fad-e83f35169870;1
7da25796-3a4a-4e98-a565-408a8fd3eee3;2
24a2d7c3-4268-4131-a1d9-3fa230a7e88e;2
3f7e9d16-474b-4f6f-bae7-9cc289c33230;2
b2b8157a-c677-4674-b5a2-6ae33422835e;2
cc51da9c-52ce-4a21-9b88-3c58928595eb;2
fb1f8940-7062-448d-ac5d-3a869a189658;2
19208e6e-932f-47db-afbc-aefa8b79bc68;2
024dabe8-1095-4c94-966a-042557b76a64;1
7da2f44c-e379-4997-a591-e285990be525;2
5721a3ee-f572-4f06-a80c-b03fe851dc9a;1
14747e60-b016-47b0-976f-6ab7015533c0;2
e8311c4a-ba58-4a33-915b-fd4ec5f2a6fe;2
2a0fb6a0-fddf-4ad9-88fe-280e39d45acf;1
